Steps,Policy/Extrinsic Value Estimate,Policy/Entropy,Environment/Episode Length,Losses/Value Loss,Losses/Policy Loss,Policy/Learning Rate,Environment/Cumulative Reward,Policy/Extrinsic Reward,Is Training
20000,-0.2733269,2.195332,999.0,0.8216941,0.02231861,0.00029841607,-49.90908792885867,-49.90908792885867,1.0
30000,-0.56611097,2.1937468,999.0,0.37346852,0.023167247,0.00029687156,-49.818178859624,-49.818178859624,1.0
40000,-0.7916561,2.1919022,999.0,0.3142299,0.022470035,0.0002953272,-49.72726974704049,-49.72726974704049,1.0
