Steps,Policy/Entropy,Policy/Extrinsic Value Estimate,Environment/Episode Length,Environment/Cumulative Reward,Policy/Extrinsic Reward,Is Training
10000,1.4189383,-36.45415,1999.0,-10.000000715255737,-10.000000715255737,1.0
20000,1.4200686,-41.70207,1696.3333333333333,-8.318000584840775,-8.318000584840775,1.0
30000,1.4184309,-35.274044,1667.3333333333333,-8.17200055718422,-8.17200055718422,1.0
40000,1.4170206,-36.095646,1999.0,-9.997000694274902,-9.997000694274902,1.0
50000,1.4152797,-20.45664,1999.0,-9.997000694274902,-9.997000694274902,1.0
60000,1.4122033,-19.670656,1999.0,-9.997000694274902,-9.997000694274902,1.0
70000,1.4091727,-16.949476,1586.1666666666667,-7.9437148954187125,-7.9437148954187125,1.0
