{
    "name": "root",
    "gauges": {
        "2unitBuffer2_AgentBrain.Policy.Entropy.mean": {
            "value": 1.3605976104736328,
            "min": 1.3604466915130615,
            "max": 1.4197396039962769,
            "count": 200
        },
        "2unitBuffer2_AgentBrain.Policy.ExtrinsicValueEstimate.mean": {
            "value": 0.3303985595703125,
            "min": -0.3727337718009949,
            "max": 0.540023684501648,
            "count": 200
        },
        "2unitBuffer2_AgentBrain.IsTraining.mean": {
            "value": 1.0,
            "min": 1.0,
            "max": 1.0,
            "count": 200
        },
        "2unitBuffer2_AgentBrain.Losses.ValueLoss.mean": {
            "value": 0.062148477882146835,
            "min": 0.0049884445033967495,
            "max": 0.1839742213487625,
            "count": 194
        },
        "2unitBuffer2_AgentBrain.Losses.PolicyLoss.mean": {
            "value": 0.027820110321044922,
            "min": 0.01633012667298317,
            "max": 0.03403903543949127,
            "count": 194
        },
        "2unitBuffer2_AgentBrain.Policy.LearningRate.mean": {
            "value": 5.510434561983857e-07,
            "min": 5.510434561983857e-07,
            "max": 0.00029844482196494937,
            "count": 194
        },
        "2unitBuffer2_AgentBrain.Environment.EpisodeLength.mean": {
            "value": 1999.0,
            "min": 690.5,
            "max": 1999.0,
            "count": 197
        },
        "2unitBuffer2_AgentBrain.Environment.CumulativeReward.mean": {
            "value": -0.6548338904976845,
            "min": -9.199000678956509,
            "max": 13.066999332979321,
            "count": 199
        },
        "2unitBuffer2_AgentBrain.Policy.ExtrinsicReward.mean": {
            "value": -0.6548338904976845,
            "min": -9.199000678956509,
            "max": 13.066999332979321,
            "count": 199
        }
    },
    "metadata": {
        "timer_format_version": "0.1.0",
        "start_time_seconds": "1589316384",
        "python_version": "3.6.10 |Anaconda, Inc.| (default, Mar 23 2020, 17:58:33) [MSC v.1916 64 bit (AMD64)]",
        "command_line_arguments": "C:\\Users\\joshu\\Anaconda3\\envs\\ml-agents\\Scripts\\mlagents-learn C:\\Users\\joshu\\Documents\\FYPReinforcementLearning\\models\\trainer_config.yaml --run-id=2unitBuffer2",
        "mlagents_version": "0.16.0",
        "mlagents_envs_version": "0.16.0",
        "communication_protocol_version": "1.0.0",
        "tensorflow_version": "2.0.1",
        "end_time_seconds": "1589319023"
    },
    "total": 2638.8767745,
    "count": 1,
    "self": 0.16785329999993337,
    "children": {
        "run_training.setup": {
            "total": 0.0057641,
            "count": 1,
            "self": 0.0057641
        },
        "TrainerController.start_learning": {
            "total": 2638.7031571,
            "count": 1,
            "self": 105.9796532001551,
            "children": {
                "TrainerController._reset_env": {
                    "total": 3.6743675000000002,
                    "count": 1,
                    "self": 3.6743675000000002
                },
                "TrainerController.advance": {
                    "total": 2528.2209542998453,
                    "count": 334238,
                    "self": 3.4891103998438666,
                    "children": {
                        "env_step": {
                            "total": 2524.7318439000014,
                            "count": 334238,
                            "self": 2304.2223758000337,
                            "children": {
                                "SubprocessEnvManager._take_step": {
                                    "total": 216.68368410005138,
                                    "count": 334238,
                                    "self": 8.371294700123798,
                                    "children": {
                                        "NNPolicy.evaluate": {
                                            "total": 208.31238939992758,
                                            "count": 333372,
                                            "self": 208.31238939992758
                                        }
                                    }
                                },
                                "workers": {
                                    "total": 3.8257839999163146,
                                    "count": 334238,
                                    "self": 0.0,
                                    "children": {
                                        "worker_root": {
                                            "total": 2627.4193709998817,
                                            "count": 334238,
                                            "is_parallel": true,
                                            "self": 713.3323591998596,
                                            "children": {
                                                "steps_from_proto": {
                                                    "total": 0.0004141,
                                                    "count": 1,
                                                    "is_parallel": true,
                                                    "self": 8.849999999999998e-05,
                                                    "children": {
                                                        "_process_vector_observation": {
                                                            "total": 0.0003256,
                                                            "count": 4,
                                                            "is_parallel": true,
                                                            "self": 0.0003256
                                                        }
                                                    }
                                                },
                                                "UnityEnvironment.step": {
                                                    "total": 1914.0865977000221,
                                                    "count": 334238,
                                                    "is_parallel": true,
                                                    "self": 30.12159610006165,
                                                    "children": {
                                                        "UnityEnvironment._generate_step_input": {
                                                            "total": 24.22438170006233,
                                                            "count": 334238,
                                                            "is_parallel": true,
                                                            "self": 24.22438170006233
                                                        },
                                                        "communicator.exchange": {
                                                            "total": 1762.9418793999414,
                                                            "count": 334238,
                                                            "is_parallel": true,
                                                            "self": 1762.9418793999414
                                                        },
                                                        "steps_from_proto": {
                                                            "total": 96.79874049995678,
                                                            "count": 334238,
                                                            "is_parallel": true,
                                                            "self": 26.112858299868492,