Steps,Policy/Extrinsic Value Estimate,Policy/Entropy,Losses/Value Loss,Losses/Policy Loss,Policy/Learning Rate,Environment/Episode Length,Environment/Cumulative Reward,Policy/Extrinsic Reward,Is Training
20000,-19.452183,2.0630124,395.0405,0.0262486,0.00029841607,999.0,-49.93333035310109,-49.93333035310109,1.0
30000,-0.4426181,2.1970358,185.33382,0.026718091,0.00029674202,999.0,-49.99999701976776,-49.99999701976776,1.0
