{
    "name": "root",
    "gauges": {
        "3agents4_AgentBrain.Policy.Entropy.mean": {
            "value": 0.011445760726928711,
            "min": 0.011337275616824627,
            "max": 1.165480613708496,
            "count": 2569
        },
        "3agents4_AgentBrain.Policy.ExtrinsicValueEstimate.mean": {
            "value": 0.31773728132247925,
            "min": 0.18653807044029236,
            "max": 0.3333815634250641,
            "count": 2569
        },
        "3agents4_AgentBrain.IsTraining.mean": {
            "value": 1.0,
            "min": 1.0,
            "max": 1.0,
            "count": 2569
        },
        "3agents4_AgentBrain.Losses.ValueLoss.mean": {
            "value": 0.04693825542926788,
            "min": 0.0028504289221018553,
            "max": 0.056107375770807266,
            "count": 2457
        },
        "3agents4_AgentBrain.Losses.PolicyLoss.mean": {
            "value": 0.02314719557762146,
            "min": 0.013687243685126305,
            "max": 0.038108937442302704,
            "count": 2457
        },
        "3agents4_AgentBrain.Policy.LearningRate.mean": {
            "value": 5.349383158659293e-08,
            "min": 5.349383158659293e-08,
            "max": 0.00025671059847809374,
            "count": 2457
        },
        "3agents4_AgentBrain.Environment.EpisodeLength.mean": {
            "value": 1999.0,
            "min": 1999.0,
            "max": 1999.6666666666667,
            "count": 713
        },
        "3agents4_AgentBrain.Environment.CumulativeReward.mean": {
            "value": 5.005132574070659,
            "min": 3.782216051955604,
            "max": 6.728104645075898,
            "count": 713
        },
        "3agents4_AgentBrain.Policy.ExtrinsicReward.mean": {
            "value": 5.005132574070659,
            "min": 3.782216051955604,
            "max": 6.728104645075898,
            "count": 713
        }
    },
    "metadata": {
        "timer_format_version": "0.1.0",
        "start_time_seconds": "1589373466",
        "python_version": "3.6.10 |Anaconda, Inc.| (default, Mar 23 2020, 17:58:33) [MSC v.1916 64 bit (AMD64)]",
        "command_line_arguments": "C:\\Users\\joshu\\Anaconda3\\envs\\ml-agents\\Scripts\\mlagents-learn C:\\Users\\joshu\\Documents\\FYPReinforcementLearning\\models\\trainer_config.yaml --run-id=3agents4 --resume",
        "mlagents_version": "0.16.0",
        "mlagents_envs_version": "0.16.0",
        "communication_protocol_version": "1.0.0",
        "tensorflow_version": "2.0.1",
        "end_time_seconds": "1589389036"
    },
    "total": 15570.7540252,
    "count": 1,
    "self": 0.32344240000020363,
    "children": {
        "run_training.setup": {
            "total": 0.005275,
            "count": 1,
            "self": 0.005275
        },
        "TrainerController.start_learning": {
            "total": 15570.4253078,
            "count": 1,
            "self": 704.6599127005211,
            "children": {
                "TrainerController._reset_env": {
                    "total": 5.5842326,
                    "count": 1,
                    "self": 5.5842326
                },
                "TrainerController.advance": {
                    "total": 14855.737652999476,
                    "count": 1428725,
                    "self": 14.202194699568281,
                    "children": {
                        "env_step": {
                            "total": 14841.535458299908,
                            "count": 1428725,
                            "self": 13750.910022999386,
                            "children": {
                                "SubprocessEnvManager._take_step": {
                                    "total": 1073.53977109981,
                                    "count": 1428725,
                                    "self": 47.16687519886659,
                                    "children": {
                                        "NNPolicy.evaluate": {
                                            "total": 1026.3728959009434,
                                            "count": 1426774,
                                            "self": 1026.3728959009434
                                        }
                                    }
                                },
                                "workers": {
                                    "total": 17.085664200712735,
                                    "count": 1428725,
                                    "self": 0.0,
                                    "children": {
                                        "worker_root": {
                                            "total": 15531.71087650081,
                                            "count": 1428725,
                                            "is_parallel": true,
                                            "self": 4556.364508501372,
                                            "children": {
                                                "steps_from_proto": {
                                                    "total": 0.000542,
                                                    "count": 1,
                                                    "is_parallel": true,
                                                    "self": 9.510000000000003e-05,
                                                    "children": {
                                                        "_process_vector_observation": {
                                                            "total": 0.0004468999999999999,
                                                            "count": 4,
                                                            "is_parallel": true,
                                                            "self": 0.0004468999999999999
                                                        }
                                                    }
                                                },
                                                "UnityEnvironment.step": {
                                                    "total": 10975.345825999439,
                                                    "count": 1428725,
                                                    "is_parallel": true,
                                                    "self": 215.29885670115436,
                                                    "children": {
                                                        "UnityEnvironment._generate_step_input": {
                                                            "total": 198.35137090025808,
                                                            "count": 1428725,
                                                            "is_parallel": true,
                                                            "self": 198.35137090025808
                                                        },
                                                        "communicator.exchange": {
                                                            "total": 9848.941108699417,
                                                            "count": 1428725,
                                                            "is_parallel": true,
                                                            "self": 9848.941108699417
                                                        },
                                                        "steps_from_proto": {
                                                            "total": 712.7544896986101,
                                                            "count": 1428725,
                                                            "is_parallel": true,
                                                            "self": 129.84971099932739,