Steps,Policy/Extrinsic Value Estimate,Policy/Entropy,Losses/Value Loss,Losses/Policy Loss,Policy/Learning Rate,Environment/Episode Length,Environment/Cumulative Reward,Policy/Extrinsic Reward,Is Training
20000,-0.5379378,2.1892264,0.38811556,0.025618384,0.00029841607,999.0,-49.99999701976776,-49.99999701976776,1.0
30000,-0.7205331,2.1965544,0.2893462,0.022921229,0.00029674202,999.0,-49.99999701976776,-49.99999701976776,1.0
