{
    "name": "root",
    "metadata": {
        "timer_format_version": "0.1.0",
        "start_time_seconds": "1589033871",
        "python_version": "3.6.10 |Anaconda, Inc.| (default, Mar 23 2020, 17:58:33) [MSC v.1916 64 bit (AMD64)]",
        "command_line_arguments": "C:\\Users\\joshu\\Anaconda3\\envs\\ml-agents\\Scripts\\mlagents-learn C:\\Users\\joshu\\ml-agents\\config\\trainer2.yaml --run-id=6",
        "mlagents_version": "0.16.0",
        "mlagents_envs_version": "0.16.0",
        "communication_protocol_version": "1.0.0",
        "tensorflow_version": "2.0.1",
        "end_time_seconds": "1589033889"
    },
    "total": 18.5098409,
    "count": 1,
    "self": 0.0004634000000010019,
    "children": {
        "run_training.setup": {
            "total": 0.0051547,
            "count": 1,
            "self": 0.0051547
        },
        "TrainerController.start_learning": {
            "total": 18.5042228,
            "count": 1,
            "self": 1.7132741999999226,
            "children": {
                "TrainerController._reset_env": {
                    "total": 6.0737781,
                    "count": 1,
                    "self": 6.0737781
                },
                "TrainerController.advance": {
                    "total": 10.516250300000081,
                    "count": 1831,
                    "self": 0.01612180000012131,
                    "children": {
                        "env_step": {
                            "total": 10.50012849999996,
                            "count": 1831,
                            "self": 9.213590599999938,
                            "children": {
                                "SubprocessEnvManager._take_step": {
                                    "total": 1.266577100000016,
                                    "count": 1831,
                                    "self": 0.041219999999979606,
                                    "children": {
                                        "NNPolicy.evaluate": {
                                            "total": 1.2253571000000365,
                                            "count": 1831,
                                            "self": 1.2253571000000365
                                        }
                                    }
                                },
                                "workers": {
                                    "total": 0.019960800000005996,
                                    "count": 1830,
                                    "self": 0.0,
                                    "children": {
                                        "worker_root": {
                                            "total": 12.043978999999984,
                                            "count": 1830,
                                            "is_parallel": true,
                                            "self": 4.305063999999973,
                                            "children": {
                                                "steps_from_proto": {
                                                    "total": 0.0003304,
                                                    "count": 1,
                                                    "is_parallel": true,
                                                    "self": 0.000148,
                                                    "children": {
                                                        "_process_vector_observation": {
                                                            "total": 0.00018240000000000002,
                                                            "count": 4,
                                                            "is_parallel": true,
                                                            "self": 0.00018240000000000002
                                                        }
                                                    }
                                                },
                                                "UnityEnvironment.step": {
                                                    "total": 7.738584600000011,
                                                    "count": 1830,
                                                    "is_parallel": true,
                                                    "self": 0.11897809999998632,
                                                    "children": {
                                                        "UnityEnvironment._generate_step_input": {
                                                            "total": 0.08059100000000763,
                                                            "count": 1830,
                                                            "is_parallel": true,
                                                            "self": 0.08059100000000763
                                                        },
                                                        "communicator.exchange": {
                                                            "total": 7.0795086000000005,
                                                            "count": 1830,
                                                            "is_parallel": true,
                                                            "self": 7.0795086000000005
                                                        },
                                                        "steps_from_proto": {
                                                            "total": 0.4595069000000169,
                                                            "count": 1830,
                                                            "is_parallel": true,
                                                            "self": 0.23805379999998477,
                                                            "children": {
                                                                "_process_vector_observation": {
                                                                    "total": 0.22145310000003215,
                                                                    "count": 7320,
                                                                    "is_parallel": true,
                                                                    "self": 0.22145310000003215
                                                                }
                                                            }
                                                        }
                                                    }
                                                }
                                            }
                                        }
                                    }
                                }
                            }
                        }
                    }
                },
                "trainer_threads": {
                    "total": 1.34999999978902e-05,
                    "count": 1,
                    "self": 1.34999999978902e-05,
                    "children": {
                        "thread_root": {
                            "total": 0.0,
                            "count": 0,
                            "is_parallel": true,
                            "self": 0.0,
                            "children": {
                                "trainer_advance": {
                                    "total": 10.86105659999984,
                                    "count": 5434,
                                    "is_parallel": true,
                                    "self": 0.13055929999986482,
                                    "children": {
                                        "process_trajectory": {
                                            "total": 10.730497299999975,
                                            "count": 5434,
                                            "is_parallel": true,