{
    "name": "root",
    "gauges": {
        "6board1c_AgentBrain.Policy.Entropy.mean": {
            "value": 1.4273178577423096,
            "min": 1.4184293746948242,
            "max": 1.4356672763824463,
            "count": 24
        },
        "6board1c_AgentBrain.Policy.ExtrinsicValueEstimate.mean": {
            "value": -4.483005523681641,
            "min": -4.485791206359863,
            "max": 0.1582631766796112,
            "count": 24
        },
        "6board1c_AgentBrain.Environment.EpisodeLength.mean": {
            "value": 1958.8333333333333,
            "min": 252.57142857142858,
            "max": 1999.0,
            "count": 24
        },
        "6board1c_AgentBrain.Environment.CumulativeReward.mean": {
            "value": -97.81499417622884,
            "min": -98.59599404335022,
            "max": -22.437560290825076,
            "count": 24
        },
        "6board1c_AgentBrain.Policy.ExtrinsicReward.mean": {
            "value": -97.81499417622884,
            "min": -98.59599404335022,
            "max": -22.437560290825076,
            "count": 24
        },
        "6board1c_AgentBrain.IsTraining.mean": {
            "value": 1.0,
            "min": 1.0,
            "max": 1.0,
            "count": 24
        },
        "6board1c_AgentBrain.Losses.ValueLoss.mean": {
            "value": 0.03866271674633026,
            "min": 0.0145272770896554,
            "max": 3.399996757507324,
            "count": 23
        },
        "6board1c_AgentBrain.Losses.PolicyLoss.mean": {
            "value": 0.029714427888393402,
            "min": 0.01755646802484989,
            "max": 0.03347148001194,
            "count": 23
        },
        "6board1c_AgentBrain.Policy.LearningRate.mean": {
            "value": 0.00029645409085787833,
            "min": 0.00029645409085787833,
            "max": 0.00029984588036313653,
            "count": 23
        }
    },
    "metadata": {
        "timer_format_version": "0.1.0",
        "start_time_seconds": "1589290032",
        "python_version": "3.6.10 |Anaconda, Inc.| (default, Mar 23 2020, 17:58:33) [MSC v.1916 64 bit (AMD64)]",
        "command_line_arguments": "C:\\Users\\joshu\\Anaconda3\\envs\\ml-agents\\Scripts\\mlagents-learn C:\\Users\\joshu\\Documents\\FYPReinforcementLearning\\models\\trainer_config.yaml --run-id=6board1c",
        "mlagents_version": "0.16.0",
        "mlagents_envs_version": "0.16.0",
        "communication_protocol_version": "1.0.0",
        "tensorflow_version": "2.0.1",
        "end_time_seconds": "1589290399"
    },
    "total": 367.1561791,
    "count": 1,
    "self": 0.0006740000000036162,
    "children": {
        "run_training.setup": {
            "total": 0.0053862,
            "count": 1,
            "self": 0.0053862
        },
        "TrainerController.start_learning": {
            "total": 367.1501189,
            "count": 1,
            "self": 14.41419739999941,
            "children": {
                "TrainerController._reset_env": {
                    "total": 5.9412348,
                    "count": 1,
                    "self": 5.9412348
                },
                "TrainerController.advance": {
                    "total": 346.6209312000006,
                    "count": 41624,
                    "self": 0.41289610000012544,
                    "children": {
                        "env_step": {
                            "total": 346.2080351000005,
                            "count": 41624,
                            "self": 318.9072223000062,
                            "children": {
                                "SubprocessEnvManager._take_step": {
                                    "total": 26.820247299998137,
                                    "count": 41624,
                                    "self": 1.1025030999926102,
                                    "children": {
                                        "NNPolicy.evaluate": {
                                            "total": 25.717744200005527,
                                            "count": 41241,
                                            "self": 25.717744200005527
                                        }
                                    }
                                },
                                "workers": {
                                    "total": 0.4805654999961204,
                                    "count": 41623,
                                    "self": 0.0,
                                    "children": {
                                        "worker_root": {
                                            "total": 359.9466314999995,
                                            "count": 41623,
                                            "is_parallel": true,
                                            "self": 90.55602930000123,
                                            "children": {
                                                "steps_from_proto": {
                                                    "total": 0.0003609,
                                                    "count": 1,
                                                    "is_parallel": true,
                                                    "self": 8.20000000000001e-05,
                                                    "children": {
                                                        "_process_vector_observation": {
                                                            "total": 0.0002788999999999999,
                                                            "count": 4,
                                                            "is_parallel": true,
                                                            "self": 0.0002788999999999999
                                                        }
                                                    }
                                                },
                                                "UnityEnvironment.step": {
                                                    "total": 269.3902412999983,
                                                    "count": 41623,
                                                    "is_parallel": true,
                                                    "self": 3.9291656000042963,
                                                    "children": {
                                                        "UnityEnvironment._generate_step_input": {
                                                            "total": 3.122288699996659,
                                                            "count": 41623,
                                                            "is_parallel": true,
                                                            "self": 3.122288699996659
                                                        },
                                                        "communicator.exchange": {
                                                            "total": 249.660972399998,
                                                            "count": 41623,
                                                            "is_parallel": true,
                                                            "self": 249.660972399998
                                                        },
                                                        "steps_from_proto": {
                                                            "total": 12.677814599999358,
                                                            "count": 41623,
                                                            "is_parallel": true,
                                                            "self": 3.2238017999964512,