Steps,Policy/Extrinsic Value Estimate,Policy/Entropy,Losses/Value Loss,Losses/Policy Loss,Policy/Learning Rate,Environment/Episode Length,Environment/Cumulative Reward,Policy/Extrinsic Reward,Is Training
20000,-0.2618279,2.193455,0.92046344,0.021493204,0.00029841607,999.0,-49.99999701976776,-49.99999701976776,1.0
30000,-0.5550839,2.1966908,0.42507178,0.029244613,0.00029674202,999.0,-49.99999701976776,-49.99999701976776,1.0
