{
    "name": "root",
    "gauges": {
        "9_AgentBrain.Policy.Entropy.mean": {
            "value": 2.196690797805786,
            "min": 2.192556858062744,
            "max": 2.196690797805786,
            "count": 3
        },
        "9_AgentBrain.Policy.ExtrinsicValueEstimate.mean": {
            "value": -0.5550838708877563,
            "min": -0.5550838708877563,
            "max": 0.13026505708694458,
            "count": 3
        },
        "9_AgentBrain.IsTraining.mean": {
            "value": 1.0,
            "min": 1.0,
            "max": 1.0,
            "count": 3
        },
        "9_AgentBrain.Losses.ValueLoss.mean": {
            "value": 0.4250717759132385,
            "min": 0.4250717759132385,
            "max": 0.9204634428024292,
            "count": 2
        },
        "9_AgentBrain.Losses.PolicyLoss.mean": {
            "value": 0.029244612902402878,
            "min": 0.021493203938007355,
            "max": 0.029244612902402878,
            "count": 2
        },
        "9_AgentBrain.Policy.LearningRate.mean": {
            "value": 0.0002967420150525868,
            "min": 0.0002967420150525868,
            "max": 0.0002984160673804581,
            "count": 2
        },
        "9_AgentBrain.Environment.EpisodeLength.mean": {
            "value": 999.0,
            "min": 999.0,
            "max": 999.0,
            "count": 2
        },
        "9_AgentBrain.Environment.CumulativeReward.mean": {
            "value": -49.99999701976776,
            "min": -49.99999701976776,
            "max": -49.99999701976776,
            "count": 2
        },
        "9_AgentBrain.Policy.ExtrinsicReward.mean": {
            "value": -49.99999701976776,
            "min": -49.99999701976776,
            "max": -49.99999701976776,
            "count": 2
        }
    },
    "metadata": {
        "timer_format_version": "0.1.0",
        "start_time_seconds": "1589034084",
        "python_version": "3.6.10 |Anaconda, Inc.| (default, Mar 23 2020, 17:58:33) [MSC v.1916 64 bit (AMD64)]",
        "command_line_arguments": "C:\\Users\\joshu\\Anaconda3\\envs\\ml-agents\\Scripts\\mlagents-learn C:\\Users\\joshu\\ml-agents\\config\\trainer2.yaml --run-id=9",
        "mlagents_version": "0.16.0",
        "mlagents_envs_version": "0.16.0",
        "communication_protocol_version": "1.0.0",
        "tensorflow_version": "2.0.1",
        "end_time_seconds": "1589034113"
    },
    "total": 29.105204999999998,
    "count": 1,
    "self": 0.0005224999999988711,
    "children": {
        "run_training.setup": {
            "total": 0.0054453,
            "count": 1,
            "self": 0.0054453
        },
        "TrainerController.start_learning": {
            "total": 29.099237199999997,
            "count": 1,
            "self": 2.412533699999962,
            "children": {
                "TrainerController._reset_env": {
                    "total": 6.0973626,
                    "count": 1,
                    "self": 6.0973626
                },
                "TrainerController.advance": {
                    "total": 20.387662200000033,
                    "count": 2231,
                    "self": 0.022067500000055418,
                    "children": {
                        "env_step": {
                            "total": 20.365594699999978,
                            "count": 2231,
                            "self": 18.39034559999996,
                            "children": {
                                "SubprocessEnvManager._take_step": {
                                    "total": 1.9493895999999848,
                                    "count": 2231,
                                    "self": 0.06855979999998496,
                                    "children": {
                                        "NNPolicy.evaluate": {
                                            "total": 1.8808297999999999,
                                            "count": 2231,
                                            "self": 1.8808297999999999
                                        }
                                    }
                                },
                                "workers": {
                                    "total": 0.025859500000033897,
                                    "count": 2230,
                                    "self": 0.0,
                                    "children": {
                                        "worker_root": {
                                            "total": 22.50815269999995,
                                            "count": 2230,
                                            "is_parallel": true,
                                            "self": 8.024223599999972,
                                            "children": {
                                                "steps_from_proto": {
                                                    "total": 0.0005556,
                                                    "count": 1,
                                                    "is_parallel": true,
                                                    "self": 0.00017539999999999993,
                                                    "children": {
                                                        "_process_vector_observation": {
                                                            "total": 0.0003802,
                                                            "count": 4,
                                                            "is_parallel": true,
                                                            "self": 0.0003802
                                                        }
                                                    }
                                                },
                                                "UnityEnvironment.step": {
                                                    "total": 14.483373499999978,
                                                    "count": 2230,
                                                    "is_parallel": true,
                                                    "self": 0.26307819999992255,
                                                    "children": {
                                                        "UnityEnvironment._generate_step_input": {
                                                            "total": 0.26880840000003503,
                                                            "count": 2230,
                                                            "is_parallel": true,
                                                            "self": 0.26880840000003503
                                                        },
                                                        "communicator.exchange": {
                                                            "total": 12.962064100000042,
                                                            "count": 2230,
                                                            "is_parallel": true,
                                                            "self": 12.962064100000042
                                                        },
                                                        "steps_from_proto": {
                                                            "total": 0.9894227999999781,
                                                            "count": 2230,
                                                            "is_parallel": true,
                                                            "self": 0.342763599999915,
                                                            "children": {
                                                                "_process_vector_observation": {
                                                                    "total": 0.646659200000063,
                                                                    "count": 8920,