{
    "name": "root",
    "gauges": {
        "AgentLocs1_AgentBrain.Policy.Entropy.mean": {
            "value": 1.2237151861190796,
            "min": 1.2236312627792358,
            "max": 1.419865369796753,
            "count": 587
        },
        "AgentLocs1_AgentBrain.Policy.ExtrinsicValueEstimate.mean": {
            "value": 0.2540094554424286,
            "min": -0.19816400110721588,
            "max": 0.44453659653663635,
            "count": 600
        },
        "AgentLocs1_AgentBrain.IsTraining.mean": {
            "value": 1.0,
            "min": 1.0,
            "max": 1.0,
            "count": 600
        },
        "AgentLocs1_AgentBrain.Losses.ValueLoss.mean": {
            "value": 0.05287528410553932,
            "min": 0.001685989904217422,
            "max": 0.06801679730415344,
            "count": 529
        },
        "AgentLocs1_AgentBrain.Losses.PolicyLoss.mean": {
            "value": 0.02379555068910122,
            "min": 0.01637994311749935,
            "max": 0.03586659952998161,
            "count": 529
        },
        "AgentLocs1_AgentBrain.Policy.LearningRate.mean": {
            "value": 3.3230037388420897e-07,
            "min": 3.3230037388420897e-07,
            "max": 0.00029897605418227613,
            "count": 529
        },
        "AgentLocs1_AgentBrain.Environment.EpisodeLength.mean": {
            "value": 225.88888888888889,
            "min": 0.0,
            "max": 1999.0,
            "count": 562
        },
        "AgentLocs1_AgentBrain.Environment.CumulativeReward.mean": {
            "value": 1.8673029054294934,
            "min": -4.4980002492666245,
            "max": 2.305708227058252,
            "count": 565
        },
        "AgentLocs1_AgentBrain.Policy.ExtrinsicReward.mean": {
            "value": 1.8673029054294934,
            "min": -4.4980002492666245,
            "max": 2.305708227058252,
            "count": 565
        }
    },
    "metadata": {
        "timer_format_version": "0.1.0",
        "start_time_seconds": "1595529993",
        "python_version": "3.6.10 |Anaconda, Inc.| (default, Mar 23 2020, 17:58:33) [MSC v.1916 64 bit (AMD64)]",
        "command_line_arguments": "C:\\Users\\joshu\\Anaconda3\\envs\\ml-agents\\Scripts\\mlagents-learn C:\\Users\\joshu\\Documents\\FYPReinforcementLearning\\models\\trainer_config.yaml --run-id=AgentLocs1",
        "mlagents_version": "0.16.0",
        "mlagents_envs_version": "0.16.0",
        "communication_protocol_version": "1.0.0",
        "tensorflow_version": "2.0.1",
        "end_time_seconds": "1595533902"
    },
    "total": 3909.3924289,
    "count": 1,
    "self": 0.31716000000005806,
    "children": {
        "run_training.setup": {
            "total": 0.015636,
            "count": 1,
            "self": 0.015636
        },
        "TrainerController.start_learning": {
            "total": 3909.0596329,
            "count": 1,
            "self": 88.12369610001542,
            "children": {
                "TrainerController._reset_env": {
                    "total": 4.8717308,
                    "count": 1,
                    "self": 4.8717308
                },
                "TrainerController.advance": {
                    "total": 3815.7751958999847,
                    "count": 96981,
                    "self": 1.1384168999434223,
                    "children": {
                        "env_step": {
                            "total": 3814.6367790000413,
                            "count": 96981,
                            "self": 3652.8561389000656,
                            "children": {
                                "SubprocessEnvManager._take_step": {
                                    "total": 160.5291081999765,
                                    "count": 96981,
                                    "self": 5.327288299953494,
                                    "children": {
                                        "NNPolicy.evaluate": {
                                            "total": 155.201819900023,
                                            "count": 93915,
                                            "self": 155.201819900023
                                        }
                                    }
                                },
                                "workers": {
                                    "total": 1.2515318999992298,
                                    "count": 96981,
                                    "self": 0.0,
                                    "children": {
                                        "worker_root": {
                                            "total": 3901.1884582999755,
                                            "count": 96981,
                                            "is_parallel": true,
                                            "self": 682.6010220999933,
                                            "children": {
                                                "steps_from_proto": {
                                                    "total": 0.0069756,
                                                    "count": 1,
                                                    "is_parallel": true,
                                                    "self": 0.0001594000000000005,
                                                    "children": {
                                                        "_process_vector_observation": {
                                                            "total": 0.0068162,
                                                            "count": 4,
                                                            "is_parallel": true,
                                                            "self": 0.0068162
                                                        }
                                                    }
                                                },
                                                "UnityEnvironment.step": {
                                                    "total": 3218.5804605999824,
                                                    "count": 96981,
                                                    "is_parallel": true,
                                                    "self": 96.56699879992311,
                                                    "children": {
                                                        "UnityEnvironment._generate_step_input": {
                                                            "total": 37.105011200044416,
                                                            "count": 96981,
                                                            "is_parallel": true,
                                                            "self": 37.105011200044416
                                                        },
                                                        "communicator.exchange": {
                                                            "total": 2575.4362925999812,
                                                            "count": 96981,
                                                            "is_parallel": true,
                                                            "self": 2575.4362925999812
                                                        },
                                                        "steps_from_proto": {
                                                            "total": 509.4721580000339,
                                                            "count": 96981,
                                                            "is_parallel": true,
                                                            "self": 14.20257700014497,