{
    "name": "root",
    "metadata": {
        "timer_format_version": "0.1.0",
        "start_time_seconds": "1595441307",
        "python_version": "3.6.10 |Anaconda, Inc.| (default, Mar 23 2020, 17:58:33) [MSC v.1916 64 bit (AMD64)]",
        "command_line_arguments": "C:\\Users\\joshu\\Anaconda3\\envs\\ml-agents\\Scripts\\mlagents-learn C:\\Users\\joshu\\Documents\\FYPReinforcementLearning\\models\\trainer_config.yaml --run-id=AgentDist3 --force",
        "mlagents_version": "0.16.0",
        "mlagents_envs_version": "0.16.0",
        "communication_protocol_version": "1.0.0",
        "tensorflow_version": "2.0.1",
        "end_time_seconds": "1595441435"
    },
    "total": 128.00660630000002,
    "count": 1,
    "self": 0.0005199000000004617,
    "children": {
        "run_training.setup": {
            "total": 0.0052708,
            "count": 1,
            "self": 0.0052708
        },
        "TrainerController.start_learning": {
            "total": 128.0008156,
            "count": 1,
            "self": 0.9805320999999765,
            "children": {
                "TrainerController._reset_env": {
                    "total": 8.887191099999999,
                    "count": 1,
                    "self": 8.887191099999999
                },
                "TrainerController.advance": {
                    "total": 117.96947210000003,
                    "count": 22,
                    "self": 0.0002254000000476708,
                    "children": {
                        "env_step": {
                            "total": 117.96924669999999,
                            "count": 22,
                            "self": 117.91449869999991,
                            "children": {
                                "SubprocessEnvManager._take_step": {
                                    "total": 0.05452070000004916,
                                    "count": 22,
                                    "self": 0.001527600000088114,
                                    "children": {
                                        "NNPolicy.evaluate": {
                                            "total": 0.052993099999961046,
                                            "count": 22,
                                            "self": 0.052993099999961046
                                        }
                                    }
                                },
                                "workers": {
                                    "total": 0.00022730000002191275,
                                    "count": 21,
                                    "self": 0.0,
                                    "children": {
                                        "worker_root": {
                                            "total": 114.7009673,
                                            "count": 21,
                                            "is_parallel": true,
                                            "self": 1.0553131000000349,
                                            "children": {
                                                "steps_from_proto": {
                                                    "total": 0.008586,
                                                    "count": 1,
                                                    "is_parallel": true,
                                                    "self": 0.00023209999999999897,
                                                    "children": {
                                                        "_process_vector_observation": {
                                                            "total": 0.008353900000000001,
                                                            "count": 4,
                                                            "is_parallel": true,
                                                            "self": 0.008353900000000001
                                                        }
                                                    }
                                                },
                                                "UnityEnvironment.step": {
                                                    "total": 113.63706819999997,
                                                    "count": 21,
                                                    "is_parallel": true,
                                                    "self": 0.032023999999978514,
                                                    "children": {
                                                        "UnityEnvironment._generate_step_input": {
                                                            "total": 0.01213689999999501,
                                                            "count": 21,
                                                            "is_parallel": true,
                                                            "self": 0.01213689999999501
                                                        },
                                                        "communicator.exchange": {
                                                            "total": 113.4194455,
                                                            "count": 21,
                                                            "is_parallel": true,
                                                            "self": 113.4194455
                                                        },
                                                        "steps_from_proto": {
                                                            "total": 0.17346179999999745,
                                                            "count": 21,
                                                            "is_parallel": true,
                                                            "self": 0.003846200000046096,
                                                            "children": {
                                                                "_process_vector_observation": {
                                                                    "total": 0.16961559999995135,
                                                                    "count": 84,
                                                                    "is_parallel": true,
                                                                    "self": 0.16961559999995135
                                                                }
                                                            }
                                                        }
                                                    }
                                                }
                                            }
                                        }
                                    }
                                }
                            }
                        }
                    }
                },
                "trainer_threads": {
                    "total": 1.4399999997749546e-05,
                    "count": 1,
                    "self": 1.4399999997749546e-05,
                    "children": {
                        "thread_root": {
                            "total": 0.0,
                            "count": 0,
                            "is_parallel": true,
                            "self": 0.0,
                            "children": {
                                "trainer_advance": {
                                    "total": 117.46135299999807,
                                    "count": 59168,
                                    "is_parallel": true,
                                    "self": 1.0054156999976414,
                                    "children": {
                                        "process_trajectory": {
                                            "total": 116.45593730000043,
                                            "count": 59168,