{
    "name": "root",
    "gauges": {
        "AllDistNorm3_AgentBrain.Policy.Entropy.mean": {
            "value": 1.4189385175704956,
            "min": 1.4189382791519165,
            "max": 1.4189385175704956,
            "count": 2
        },
        "AllDistNorm3_AgentBrain.Policy.ExtrinsicValueEstimate.mean": {
            "value": -0.0034137130714952946,
            "min": -0.007992682047188282,
            "max": -0.0034137130714952946,
            "count": 2
        },
        "AllDistNorm3_AgentBrain.IsTraining.mean": {
            "value": 1.0,
            "min": 1.0,
            "max": 1.0,
            "count": 2
        }
    },
    "metadata": {
        "timer_format_version": "0.1.0",
        "start_time_seconds": "1595344603",
        "python_version": "3.6.10 |Anaconda, Inc.| (default, Mar 23 2020, 17:58:33) [MSC v.1916 64 bit (AMD64)]",
        "command_line_arguments": "C:\\Users\\joshu\\Anaconda3\\envs\\ml-agents\\Scripts\\mlagents-learn C:\\Users\\joshu\\Documents\\FYPReinforcementLearning\\models\\trainer_config.yaml --run-id=AllDistNorm3",
        "mlagents_version": "0.16.0",
        "mlagents_envs_version": "0.16.0",
        "communication_protocol_version": "1.0.0",
        "tensorflow_version": "2.0.1",
        "end_time_seconds": "1595344641"
    },
    "total": 37.7694971,
    "count": 1,
    "self": 0.0004866999999961763,
    "children": {
        "run_training.setup": {
            "total": 0.005650499999999999,
            "count": 1,
            "self": 0.005650499999999999
        },
        "TrainerController.start_learning": {
            "total": 37.763359900000005,
            "count": 1,
            "self": 2.3961819999999463,
            "children": {
                "TrainerController._reset_env": {
                    "total": 8.7726392,
                    "count": 1,
                    "self": 8.7726392
                },
                "TrainerController.advance": {
                    "total": 26.35059460000005,
                    "count": 534,
                    "self": 0.006492800000046373,
                    "children": {
                        "env_step": {
                            "total": 26.344101800000004,
                            "count": 534,
                            "self": 25.71832780000002,
                            "children": {
                                "SubprocessEnvManager._take_step": {
                                    "total": 0.6194251999999896,
                                    "count": 534,
                                    "self": 0.02578159999995755,
                                    "children": {
                                        "NNPolicy.evaluate": {
                                            "total": 0.593643600000032,
                                            "count": 534,
                                            "self": 0.593643600000032
                                        }
                                    }
                                },
                                "workers": {
                                    "total": 0.00634879999999427,
                                    "count": 533,
                                    "self": 0.0,
                                    "children": {
                                        "worker_root": {
                                            "total": 27.6536642,
                                            "count": 533,
                                            "is_parallel": true,
                                            "self": 3.835170900000019,
                                            "children": {
                                                "steps_from_proto": {
                                                    "total": 0.0043743,
                                                    "count": 1,
                                                    "is_parallel": true,
                                                    "self": 0.0001571000000000003,
                                                    "children": {
                                                        "_process_vector_observation": {
                                                            "total": 0.0042172,
                                                            "count": 4,
                                                            "is_parallel": true,
                                                            "self": 0.0042172
                                                        }
                                                    }
                                                },
                                                "UnityEnvironment.step": {
                                                    "total": 23.814118999999984,
                                                    "count": 533,
                                                    "is_parallel": true,
                                                    "self": 0.4318704999999774,
                                                    "children": {
                                                        "UnityEnvironment._generate_step_input": {
                                                            "total": 0.1628069999999997,
                                                            "count": 533,
                                                            "is_parallel": true,
                                                            "self": 0.1628069999999997
                                                        },
                                                        "communicator.exchange": {
                                                            "total": 20.908451499999998,
                                                            "count": 533,
                                                            "is_parallel": true,
                                                            "self": 20.908451499999998
                                                        },
                                                        "steps_from_proto": {
                                                            "total": 2.3109900000000083,
                                                            "count": 533,
                                                            "is_parallel": true,
                                                            "self": 0.07703800000006744,
                                                            "children": {
                                                                "_process_vector_observation": {
                                                                    "total": 2.233951999999941,
                                                                    "count": 2132,
                                                                    "is_parallel": true,
                                                                    "self": 2.233951999999941
                                                                }
                                                            }
                                                        }
                                                    }
                                                }
                                            }
                                        }
                                    }
                                }
                            }
                        }
                    }
                },
                "trainer_threads": {
                    "total": 1.9800000004011054e-05,
                    "count": 1,
                    "self": 1.9800000004011054e-05,
                    "children": {
                        "thread_root": {
                            "total": 0.0,
                            "count": 0,
                            "is_parallel": true,
                            "self": 0.0,