{
    "name": "root",
    "gauges": {
        "areaZones1_AgentBrain.Policy.Entropy.mean": {
            "value": 1.2875747680664062,
            "min": 1.2875638008117676,
            "max": 1.4305038452148438,
            "count": 533
        },
        "areaZones1_AgentBrain.Environment.EpisodeLength.mean": {
            "value": 64.35483870967742,
            "min": 35.56363636363636,
            "max": 1999.0,
            "count": 469
        },
        "areaZones1_AgentBrain.Policy.ExtrinsicValueEstimate.mean": {
            "value": 0.4604664742946625,
            "min": -0.721951961517334,
            "max": 0.9285100102424622,
            "count": 600
        },
        "areaZones1_AgentBrain.Environment.CumulativeReward.mean": {
            "value": 1.73657578937921,
            "min": -18.73047805967785,
            "max": 1.975000023841858,
            "count": 447
        },
        "areaZones1_AgentBrain.Policy.ExtrinsicReward.mean": {
            "value": 1.73657578937921,
            "min": -18.73047805967785,
            "max": 1.975000023841858,
            "count": 447
        },
        "areaZones1_AgentBrain.IsTraining.mean": {
            "value": 1.0,
            "min": 1.0,
            "max": 1.0,
            "count": 600
        },
        "areaZones1_AgentBrain.Losses.ValueLoss.mean": {
            "value": 0.002311608288437128,
            "min": 4.0257848013425246e-05,
            "max": 0.19493328034877777,
            "count": 461
        },
        "areaZones1_AgentBrain.Losses.PolicyLoss.mean": {
            "value": 0.03014065884053707,
            "min": 0.015096617862582207,
            "max": 0.0337664894759655,
            "count": 461
        },
        "areaZones1_AgentBrain.Policy.LearningRate.mean": {
            "value": 2.9029703796368267e-07,
            "min": 2.9029703796368267e-07,
            "max": 0.0002992748050019145,
            "count": 461
        }
    },
    "metadata": {
        "timer_format_version": "0.1.0",
        "start_time_seconds": "1594873010",
        "python_version": "3.6.10 |Anaconda, Inc.| (default, Mar 23 2020, 17:58:33) [MSC v.1916 64 bit (AMD64)]",
        "command_line_arguments": "C:\\Users\\joshu\\Anaconda3\\envs\\ml-agents\\Scripts\\mlagents-learn C:\\Users\\joshu\\Documents\\FYPReinforcementLearning\\models\\trainer_config.yaml --run-id=areaZones1",
        "mlagents_version": "0.16.0",
        "mlagents_envs_version": "0.16.0",
        "communication_protocol_version": "1.0.0",
        "tensorflow_version": "2.0.1",
        "end_time_seconds": "1594876363"
    },
    "total": 3353.3794638,
    "count": 1,
    "self": 0.186365399999886,
    "children": {
        "run_training.setup": {
            "total": 0.0126962,
            "count": 1,
            "self": 0.0126962
        },
        "TrainerController.start_learning": {
            "total": 3353.1804022,
            "count": 1,
            "self": 61.62255609998874,
            "children": {
                "TrainerController._reset_env": {
                    "total": 16.3609689,
                    "count": 1,
                    "self": 16.3609689
                },
                "TrainerController.advance": {
                    "total": 3274.9272194000114,
                    "count": 70113,
                    "self": 0.7730325000102312,
                    "children": {
                        "env_step": {
                            "total": 3274.154186900001,
                            "count": 70113,
                            "self": 3178.3034684000795,
                            "children": {
                                "SubprocessEnvManager._take_step": {
                                    "total": 94.94108809992849,
                                    "count": 70113,
                                    "self": 4.544384799991178,
                                    "children": {
                                        "NNPolicy.evaluate": {
                                            "total": 90.39670329993731,
                                            "count": 62695,
                                            "self": 90.39670329993731
                                        }
                                    }
                                },
                                "workers": {
                                    "total": 0.9096303999930093,
                                    "count": 70113,
                                    "self": 0.0,
                                    "children": {
                                        "worker_root": {
                                            "total": 3334.621531100027,
                                            "count": 70113,
                                            "is_parallel": true,
                                            "self": 737.1622261000398,
                                            "children": {
                                                "steps_from_proto": {
                                                    "total": 0.0073913,
                                                    "count": 1,
                                                    "is_parallel": true,
                                                    "self": 0.0001843999999999995,
                                                    "children": {
                                                        "_process_vector_observation": {
                                                            "total": 0.0072069000000000005,
                                                            "count": 4,
                                                            "is_parallel": true,
                                                            "self": 0.0072069000000000005
                                                        }
                                                    }
                                                },
                                                "UnityEnvironment.step": {
                                                    "total": 2597.451913699987,
                                                    "count": 70113,
                                                    "is_parallel": true,
                                                    "self": 67.36302539987037,
                                                    "children": {
                                                        "UnityEnvironment._generate_step_input": {
                                                            "total": 34.199973000052104,
                                                            "count": 70113,
                                                            "is_parallel": true,
                                                            "self": 34.199973000052104
                                                        },
                                                        "communicator.exchange": {
                                                            "total": 2176.097430200028,
                                                            "count": 70113,
                                                            "is_parallel": true,
                                                            "self": 2176.097430200028
                                                        },
                                                        "steps_from_proto": {
                                                            "total": 319.7914851000366,
                                                            "count": 70113,
                                                            "is_parallel": true,
                                                            "self": 11.788271099936594,