{
    "name": "root",
    "gauges": {
        "curoisty1_AgentBrain.Policy.Entropy.mean": {
            "value": 1.1419872045516968,
            "min": 1.141876220703125,
            "max": 1.425876259803772,
            "count": 900
        },
        "curoisty1_AgentBrain.Policy.ExtrinsicValueEstimate.mean": {
            "value": 0.6585378646850586,
            "min": -0.2994459271430969,
            "max": 0.8824207186698914,
            "count": 900
        },
        "curoisty1_AgentBrain.IsTraining.mean": {
            "value": 1.0,
            "min": 1.0,
            "max": 1.0,
            "count": 900
        },
        "curoisty1_AgentBrain.Losses.ValueLoss.mean": {
            "value": 0.08864779025316238,
            "min": 0.006541556213051081,
            "max": 0.19992472231388092,
            "count": 828
        },
        "curoisty1_AgentBrain.Losses.PolicyLoss.mean": {
            "value": 0.02041231468319893,
            "min": 0.014030582271516323,
            "max": 0.034830909222364426,
            "count": 828
        },
        "curoisty1_AgentBrain.Policy.LearningRate.mean": {
            "value": 2.880976524011203e-07,
            "min": 2.880976524011203e-07,
            "max": 0.0002995392424054444,
            "count": 828
        },
        "curoisty1_AgentBrain.Environment.EpisodeLength.mean": {
            "value": 354.09090909090907,
            "min": 23.0,
            "max": 1999.0,
            "count": 887
        },
        "curoisty1_AgentBrain.Environment.CumulativeReward.mean": {
            "value": 3.2257189098745584,
            "min": -7.83133390545845,
            "max": 4.22873169910617,
            "count": 885
        },
        "curoisty1_AgentBrain.Policy.ExtrinsicReward.mean": {
            "value": 3.2257189098745584,
            "min": -7.83133390545845,
            "max": 4.22873169910617,
            "count": 885
        }
    },
    "metadata": {
        "timer_format_version": "0.1.0",
        "start_time_seconds": "1592041489",
        "python_version": "3.6.10 |Anaconda, Inc.| (default, Mar 23 2020, 17:58:33) [MSC v.1916 64 bit (AMD64)]",
        "command_line_arguments": "C:\\Users\\joshu\\Anaconda3\\envs\\ml-agents\\Scripts\\mlagents-learn C:\\Users\\joshu\\Documents\\FYPReinforcementLearning\\models\\trainer_config.yaml --run-id=curoisty1",
        "mlagents_version": "0.16.0",
        "mlagents_envs_version": "0.16.0",
        "communication_protocol_version": "1.0.0",
        "tensorflow_version": "2.0.1",
        "end_time_seconds": "1592047134"
    },
    "total": 5644.9356906,
    "count": 1,
    "self": 0.32485559999986435,
    "children": {
        "run_training.setup": {
            "total": 0.0122579,
            "count": 1,
            "self": 0.0122579
        },
        "TrainerController.start_learning": {
            "total": 5644.5985771000005,
            "count": 1,
            "self": 198.25460600023962,
            "children": {
                "TrainerController._reset_env": {
                    "total": 54.2597527,
                    "count": 1,
                    "self": 54.2597527
                },
                "TrainerController.advance": {
                    "total": 5391.23838859976,
                    "count": 340207,
                    "self": 3.560253599755015,
                    "children": {
                        "env_step": {
                            "total": 5387.678135000005,
                            "count": 340207,
                            "self": 5081.433299699835,
                            "children": {
                                "SubprocessEnvManager._take_step": {
                                    "total": 302.0364251999741,
                                    "count": 340207,
                                    "self": 12.563238999883481,
                                    "children": {
                                        "NNPolicy.evaluate": {
                                            "total": 289.4731862000906,
                                            "count": 333453,
                                            "self": 289.4731862000906
                                        }
                                    }
                                },
                                "workers": {
                                    "total": 4.208410100196041,
                                    "count": 340207,
                                    "self": 0.0,
                                    "children": {
                                        "worker_root": {
                                            "total": 5581.984881800156,
                                            "count": 340207,
                                            "is_parallel": true,
                                            "self": 1346.709062800338,
                                            "children": {
                                                "steps_from_proto": {
                                                    "total": 0.0016459,
                                                    "count": 1,
                                                    "is_parallel": true,
                                                    "self": 0.00011309999999999966,
                                                    "children": {
                                                        "_process_vector_observation": {
                                                            "total": 0.0015328000000000004,
                                                            "count": 4,
                                                            "is_parallel": true,
                                                            "self": 0.0015328000000000004
                                                        }
                                                    }
                                                },
                                                "UnityEnvironment.step": {
                                                    "total": 4235.274173099818,
                                                    "count": 340207,
                                                    "is_parallel": true,
                                                    "self": 92.52661039984287,
                                                    "children": {
                                                        "UnityEnvironment._generate_step_input": {
                                                            "total": 63.262722299725894,
                                                            "count": 340207,
                                                            "is_parallel": true,
                                                            "self": 63.262722299725894
                                                        },
                                                        "communicator.exchange": {
                                                            "total": 3680.586699200131,
                                                            "count": 340207,
                                                            "is_parallel": true,
                                                            "self": 3680.586699200131
                                                        },
                                                        "steps_from_proto": {
                                                            "total": 398.8981412001184,
                                                            "count": 340207,
                                                            "is_parallel": true,
                                                            "self": 33.26986920046488,