{
    "name": "root",
    "gauges": {
        "discreteMovDist2_AgentBrain.Policy.Entropy.mean": {
            "value": 3.39357590675354,
            "min": 3.39357590675354,
            "max": 4.499716758728027,
            "count": 87
        },
        "discreteMovDist2_AgentBrain.Policy.ExtrinsicValueEstimate.mean": {
            "value": -17.86144256591797,
            "min": -20.35568618774414,
            "max": -0.160086989402771,
            "count": 95
        },
        "discreteMovDist2_AgentBrain.IsTraining.mean": {
            "value": 1.0,
            "min": 1.0,
            "max": 1.0,
            "count": 95
        },
        "discreteMovDist2_AgentBrain.Losses.ValueLoss.mean": {
            "value": 0.5981454849243164,
            "min": 0.4120572805404663,
            "max": 19.970706939697266,
            "count": 69
        },
        "discreteMovDist2_AgentBrain.Losses.PolicyLoss.mean": {
            "value": 0.02261134423315525,
            "min": 0.017460228875279427,
            "max": 0.03326107934117317,
            "count": 69
        },
        "discreteMovDist2_AgentBrain.Policy.LearningRate.mean": {
            "value": 0.00025253603234887123,
            "min": 0.00025253603234887123,
            "max": 0.00029897605418227613,
            "count": 69
        },
        "discreteMovDist2_AgentBrain.Environment.EpisodeLength.mean": {
            "value": 1999.0,
            "min": 0.0,
            "max": 1999.0,
            "count": 53
        },
        "discreteMovDist2_AgentBrain.Environment.CumulativeReward.mean": {
            "value": -351.642578125,
            "min": -588.5903909856623,
            "max": -72.8598165512085,
            "count": 56
        },
        "discreteMovDist2_AgentBrain.Policy.ExtrinsicReward.mean": {
            "value": -351.642578125,
            "min": -588.5903909856623,
            "max": -72.8598165512085,
            "count": 56
        }
    },
    "metadata": {
        "timer_format_version": "0.1.0",
        "start_time_seconds": "1596031380",
        "python_version": "3.6.10 |Anaconda, Inc.| (default, Mar 23 2020, 17:58:33) [MSC v.1916 64 bit (AMD64)]",
        "command_line_arguments": "C:\\Users\\joshu\\Anaconda3\\envs\\ml-agents\\Scripts\\mlagents-learn C:\\Users\\joshu\\Documents\\FYPReinforcementLearning\\models\\trainer_config.yaml --run-id=discreteMovDist2",
        "mlagents_version": "0.16.0",
        "mlagents_envs_version": "0.16.0",
        "communication_protocol_version": "1.0.0",
        "tensorflow_version": "2.0.1",
        "end_time_seconds": "1596033299"
    },
    "total": 1919.0157815999999,
    "count": 1,
    "self": 0.0015636999999060208,
    "children": {
        "run_training.setup": {
            "total": 0.017038900000000003,
            "count": 1,
            "self": 0.017038900000000003
        },
        "TrainerController.start_learning": {
            "total": 1918.997179,
            "count": 1,
            "self": 9.98052580001604,
            "children": {
                "TrainerController._reset_env": {
                    "total": 11.4723871,
                    "count": 1,
                    "self": 11.4723871
                },
                "TrainerController.advance": {
                    "total": 1897.2977977999838,
                    "count": 15268,
                    "self": 0.16970489998243465,
                    "children": {
                        "env_step": {
                            "total": 1897.1280929000013,
                            "count": 15268,
                            "self": 1871.674705799988,
                            "children": {
                                "SubprocessEnvManager._take_step": {
                                    "total": 25.25867750000927,
                                    "count": 15268,
                                    "self": 0.846831499984674,
                                    "children": {
                                        "NNPolicy.evaluate": {
                                            "total": 24.411846000024596,
                                            "count": 15194,
                                            "self": 24.411846000024596
                                        }
                                    }
                                },
                                "workers": {
                                    "total": 0.19470960000401405,
                                    "count": 15267,
                                    "self": 0.0,
                                    "children": {
                                        "worker_root": {
                                            "total": 1902.8965932999945,
                                            "count": 15267,
                                            "is_parallel": true,
                                            "self": 125.42227049999883,
                                            "children": {
                                                "steps_from_proto": {
                                                    "total": 0.0191218,
                                                    "count": 1,
                                                    "is_parallel": true,
                                                    "self": 0.0012536000000000005,
                                                    "children": {
                                                        "_process_vector_observation": {
                                                            "total": 0.0178682,
                                                            "count": 4,
                                                            "is_parallel": true,
                                                            "self": 0.0178682
                                                        }
                                                    }
                                                },
                                                "UnityEnvironment.step": {
                                                    "total": 1777.4552009999957,
                                                    "count": 15267,
                                                    "is_parallel": true,
                                                    "self": 38.621863199987274,
                                                    "children": {
                                                        "UnityEnvironment._generate_step_input": {
                                                            "total": 5.980752700011317,
                                                            "count": 15267,
                                                            "is_parallel": true,
                                                            "self": 5.980752700011317
                                                        },
                                                        "communicator.exchange": {
                                                            "total": 1484.030268499997,
                                                            "count": 15267,
                                                            "is_parallel": true,
                                                            "self": 1484.030268499997
                                                        },
                                                        "steps_from_proto": {
                                                            "total": 248.8223165999999,
                                                            "count": 15265,
                                                            "is_parallel": true,
                                                            "self": 4.089949500004252,