{
    "name": "root",
    "gauges": {
        "discreteMovDist3_AgentBrain.Policy.Entropy.mean": {
            "value": 1.8190993070602417,
            "min": 1.7823898792266846,
            "max": 2.133925676345825,
            "count": 285
        },
        "discreteMovDist3_AgentBrain.Environment.EpisodeLength.mean": {
            "value": 820.3333333333334,
            "min": 112.0,
            "max": 1999.0,
            "count": 256
        },
        "discreteMovDist3_AgentBrain.Policy.ExtrinsicValueEstimate.mean": {
            "value": -7.178515911102295,
            "min": -17.341638565063477,
            "max": -6.816722393035889,
            "count": 285
        },
        "discreteMovDist3_AgentBrain.Environment.CumulativeReward.mean": {
            "value": -70.81057697534561,
            "min": -784.1498208840688,
            "max": 0.44326726347208023,
            "count": 262
        },
        "discreteMovDist3_AgentBrain.Policy.ExtrinsicReward.mean": {
            "value": -70.81057697534561,
            "min": -784.1498208840688,
            "max": 0.44326726347208023,
            "count": 262
        },
        "discreteMovDist3_AgentBrain.IsTraining.mean": {
            "value": 1.0,
            "min": 1.0,
            "max": 1.0,
            "count": 285
        },
        "discreteMovDist3_AgentBrain.Losses.ValueLoss.mean": {
            "value": 2.481069326400757,
            "min": 0.4558770954608917,
            "max": 161.75619506835938,
            "count": 249
        },
        "discreteMovDist3_AgentBrain.Losses.PolicyLoss.mean": {
            "value": 0.023437360301613808,
            "min": 0.01585681177675724,
            "max": 0.03522547334432602,
            "count": 249
        },
        "discreteMovDist3_AgentBrain.Policy.LearningRate.mean": {
            "value": 3.0310013698908733e-07,
            "min": 3.0310013698908733e-07,
            "max": 0.0001412802521372214,
            "count": 249
        }
    },
    "metadata": {
        "timer_format_version": "0.1.0",
        "start_time_seconds": "1596044656",
        "python_version": "3.6.10 |Anaconda, Inc.| (default, Mar 23 2020, 17:58:33) [MSC v.1916 64 bit (AMD64)]",
        "command_line_arguments": "C:\\Users\\joshu\\Anaconda3\\envs\\ml-agents\\Scripts\\mlagents-learn C:\\Users\\joshu\\Documents\\FYPReinforcementLearning\\models\\trainer_config.yaml --run-id=discreteMovDist3 --resume",
        "mlagents_version": "0.16.0",
        "mlagents_envs_version": "0.16.0",
        "communication_protocol_version": "1.0.0",
        "tensorflow_version": "2.0.1",
        "end_time_seconds": "1596050113"
    },
    "total": 5456.7509224000005,
    "count": 1,
    "self": 0.6437218000000939,
    "children": {
        "run_training.setup": {
            "total": 0.008073,
            "count": 1,
            "self": 0.008073
        },
        "TrainerController.start_learning": {
            "total": 5456.0991276,
            "count": 1,
            "self": 31.130288900074447,
            "children": {
                "TrainerController._reset_env": {
                    "total": 6.7669259,
                    "count": 1,
                    "self": 6.7669259
                },
                "TrainerController.advance": {
                    "total": 5417.872077399926,
                    "count": 45287,
                    "self": 0.49439149996578635,
                    "children": {
                        "env_step": {
                            "total": 5417.37768589996,
                            "count": 45287,
                            "self": 5336.288442700038,
                            "children": {
                                "SubprocessEnvManager._take_step": {
                                    "total": 80.49865860001744,
                                    "count": 45287,
                                    "self": 2.5509908000238113,
                                    "children": {
                                        "NNPolicy.evaluate": {
                                            "total": 77.94766779999362,
                                            "count": 44634,
                                            "self": 77.94766779999362
                                        }
                                    }
                                },
                                "workers": {
                                    "total": 0.5905845999045365,
                                    "count": 45287,
                                    "self": 0.0,
                                    "children": {
                                        "worker_root": {
                                            "total": 5447.298982199989,
                                            "count": 45287,
                                            "is_parallel": true,
                                            "self": 275.0101140999659,
                                            "children": {
                                                "steps_from_proto": {
                                                    "total": 0.017007400000000002,
                                                    "count": 1,
                                                    "is_parallel": true,
                                                    "self": 0.00030120000000000147,
                                                    "children": {
                                                        "_process_vector_observation": {
                                                            "total": 0.0167062,
                                                            "count": 4,
                                                            "is_parallel": true,
                                                            "self": 0.0167062
                                                        }
                                                    }
                                                },
                                                "UnityEnvironment.step": {
                                                    "total": 5172.271860700023,
                                                    "count": 45287,
                                                    "is_parallel": true,
                                                    "self": 113.69885290006187,
                                                    "children": {
                                                        "UnityEnvironment._generate_step_input": {
                                                            "total": 17.519041799924544,
                                                            "count": 45287,
                                                            "is_parallel": true,
                                                            "self": 17.519041799924544
                                                        },
                                                        "communicator.exchange": {
                                                            "total": 4302.391890500023,
                                                            "count": 45287,
                                                            "is_parallel": true,
                                                            "self": 4302.391890500023
                                                        },
                                                        "steps_from_proto": {
                                                            "total": 738.662075500014,
                                                            "count": 45287,
                                                            "is_parallel": true,
                                                            "self": 12.188580299978412,