{
    "name": "root",
    "gauges": {
        "discrete1_AgentBrain.Policy.Entropy.mean": {
            "value": 1.7682337760925293,
            "min": 0.8119059801101685,
            "max": 4.496445655822754,
            "count": 374
        },
        "discrete1_AgentBrain.Policy.ExtrinsicValueEstimate.mean": {
            "value": -0.23654672503471375,
            "min": -21.18647575378418,
            "max": 40.92357635498047,
            "count": 601
        },
        "discrete1_AgentBrain.IsTraining.mean": {
            "value": 0.0,
            "min": 0.0,
            "max": 1.0,
            "count": 601
        },
        "discrete1_AgentBrain.Losses.ValueLoss.mean": {
            "value": 0.0009625363745726645,
            "min": 0.0005831312737427652,
            "max": 185.19252014160156,
            "count": 374
        },
        "discrete1_AgentBrain.Losses.PolicyLoss.mean": {
            "value": 0.02785678766667843,
            "min": 0.01651132106781006,
            "max": 0.1243869885802269,
            "count": 374
        },
        "discrete1_AgentBrain.Policy.LearningRate.mean": {
            "value": 6.817027724537184e-07,
            "min": 6.817027724537184e-07,
            "max": 0.00029897605418227613,
            "count": 374
        },
        "discrete1_AgentBrain.Environment.EpisodeLength.mean": {
            "value": 1999.0,
            "min": 0.0,
            "max": 1999.0,
            "count": 143
        },
        "discrete1_AgentBrain.Environment.CumulativeReward.mean": {
            "value": -5.069428839853832,
            "min": -6.498000383377075,
            "max": -1.4018789057506982,
            "count": 187
        },
        "discrete1_AgentBrain.Policy.ExtrinsicReward.mean": {
            "value": -5.069428839853832,
            "min": -6.498000383377075,
            "max": -1.4018789057506982,
            "count": 187
        }
    },
    "metadata": {
        "timer_format_version": "0.1.0",
        "start_time_seconds": "1595816512",
        "python_version": "3.6.10 |Anaconda, Inc.| (default, Mar 23 2020, 17:58:33) [MSC v.1916 64 bit (AMD64)]",
        "command_line_arguments": "C:\\Users\\joshu\\Anaconda3\\envs\\ml-agents\\Scripts\\mlagents-learn C:\\Users\\joshu\\Documents\\FYPReinforcementLearning\\models\\trainer_config.yaml --run-id=discrete1 --force",
        "mlagents_version": "0.16.0",
        "mlagents_envs_version": "0.16.0",
        "communication_protocol_version": "1.0.0",
        "tensorflow_version": "2.0.1",
        "end_time_seconds": "1595822810"
    },
    "total": 6298.5168097000005,
    "count": 1,
    "self": 0.1712894000002052,
    "children": {
        "run_training.setup": {
            "total": 0.006407400000000001,
            "count": 1,
            "self": 0.006407400000000001
        },
        "TrainerController.start_learning": {
            "total": 6298.3391129,
            "count": 1,
            "self": 45.04913670008591,
            "children": {
                "TrainerController._reset_env": {
                    "total": 7.0171248,
                    "count": 1,
                    "self": 7.0171248
                },
                "TrainerController.advance": {
                    "total": 6245.879921699916,
                    "count": 94047,
                    "self": 0.968584099778127,
                    "children": {
                        "env_step": {
                            "total": 6244.911337600138,
                            "count": 94047,
                            "self": 6086.527434599866,
                            "children": {
                                "SubprocessEnvManager._take_step": {
                                    "total": 157.21767090012924,
                                    "count": 94047,
                                    "self": 5.159394800164421,
                                    "children": {
                                        "NNPolicy.evaluate": {
                                            "total": 152.05827609996481,
                                            "count": 94001,
                                            "self": 152.05827609996481
                                        }
                                    }
                                },
                                "workers": {
                                    "total": 1.1662321001428584,
                                    "count": 94047,
                                    "self": 0.0,
                                    "children": {
                                        "worker_root": {
                                            "total": 6286.7290931000025,
                                            "count": 94047,
                                            "is_parallel": true,
                                            "self": 1152.7371739000328,
                                            "children": {
                                                "steps_from_proto": {
                                                    "total": 0.0166134,
                                                    "count": 1,
                                                    "is_parallel": true,
                                                    "self": 0.00028579999999999925,
                                                    "children": {
                                                        "_process_vector_observation": {
                                                            "total": 0.0163276,
                                                            "count": 4,
                                                            "is_parallel": true,
                                                            "self": 0.0163276
                                                        }
                                                    }
                                                },
                                                "UnityEnvironment.step": {
                                                    "total": 5133.97530579997,
                                                    "count": 94047,
                                                    "is_parallel": true,
                                                    "self": 239.51334660002794,
                                                    "children": {
                                                        "UnityEnvironment._generate_step_input": {
                                                            "total": 36.29293930005561,
                                                            "count": 94047,
                                                            "is_parallel": true,
                                                            "self": 36.29293930005561
                                                        },
                                                        "communicator.exchange": {
                                                            "total": 3309.0628823000225,
                                                            "count": 94047,
                                                            "is_parallel": true,
                                                            "self": 3309.0628823000225
                                                        },
                                                        "steps_from_proto": {
                                                            "total": 1549.1061375998634,
                                                            "count": 94047,
                                                            "is_parallel": true,
                                                            "self": 24.305766699973447,