{
    "name": "root",
    "metadata": {
        "timer_format_version": "0.1.0",
        "start_time_seconds": "1596053436",
        "python_version": "3.6.10 |Anaconda, Inc.| (default, Mar 23 2020, 17:58:33) [MSC v.1916 64 bit (AMD64)]",
        "command_line_arguments": "C:\\Users\\joshu\\Anaconda3\\envs\\ml-agents\\Scripts\\mlagents-learn C:\\Users\\joshu\\Documents\\FYPReinforcementLearning\\models\\trainer_config.yaml --run-id=discreteMovDist4 --force",
        "mlagents_version": "0.16.0",
        "mlagents_envs_version": "0.16.0",
        "communication_protocol_version": "1.0.0",
        "tensorflow_version": "2.0.1",
        "end_time_seconds": "1596053915"
    },
    "total": 479.6647775,
    "count": 1,
    "self": 0.00047990000007303024,
    "children": {
        "run_training.setup": {
            "total": 0.0056906000000000005,
            "count": 1,
            "self": 0.0056906000000000005
        },
        "TrainerController.start_learning": {
            "total": 479.65860699999996,
            "count": 1,
            "self": 1.8365590999999313,
            "children": {
                "TrainerController._reset_env": {
                    "total": 4.3884298,
                    "count": 1,
                    "self": 4.3884298
                },
                "TrainerController.advance": {
                    "total": 473.2017281000001,
                    "count": 501,
                    "self": 0.005467599999974482,
                    "children": {
                        "env_step": {
                            "total": 473.1962605000001,
                            "count": 501,
                            "self": 472.51684390000014,
                            "children": {
                                "SubprocessEnvManager._take_step": {
                                    "total": 0.6738616000000546,
                                    "count": 501,
                                    "self": 0.02768780000007265,
                                    "children": {
                                        "NNPolicy.evaluate": {
                                            "total": 0.6461737999999819,
                                            "count": 501,
                                            "self": 0.6461737999999819
                                        }
                                    }
                                },
                                "workers": {
                                    "total": 0.005554999999940691,
                                    "count": 500,
                                    "self": 0.0,
                                    "children": {
                                        "worker_root": {
                                            "total": 73.61046149999999,
                                            "count": 500,
                                            "is_parallel": true,
                                            "self": 3.351690599999955,
                                            "children": {
                                                "steps_from_proto": {
                                                    "total": 0.016375,
                                                    "count": 1,
                                                    "is_parallel": true,
                                                    "self": 0.00029619999999999994,
                                                    "children": {
                                                        "_process_vector_observation": {
                                                            "total": 0.0160788,
                                                            "count": 4,
                                                            "is_parallel": true,
                                                            "self": 0.0160788
                                                        }
                                                    }
                                                },
                                                "UnityEnvironment.step": {
                                                    "total": 70.24239590000003,
                                                    "count": 500,
                                                    "is_parallel": true,
                                                    "self": 1.2757973999999166,
                                                    "children": {
                                                        "UnityEnvironment._generate_step_input": {
                                                            "total": 0.1961672000000596,
                                                            "count": 500,
                                                            "is_parallel": true,
                                                            "self": 0.1961672000000596
                                                        },
                                                        "communicator.exchange": {
                                                            "total": 60.56109890000006,
                                                            "count": 500,
                                                            "is_parallel": true,
                                                            "self": 60.56109890000006
                                                        },
                                                        "steps_from_proto": {
                                                            "total": 8.209332399999994,
                                                            "count": 500,
                                                            "is_parallel": true,
                                                            "self": 0.13606679999994498,
                                                            "children": {
                                                                "_process_vector_observation": {
                                                                    "total": 8.073265600000049,
                                                                    "count": 2000,
                                                                    "is_parallel": true,
                                                                    "self": 8.073265600000049
                                                                }
                                                            }
                                                        }
                                                    }
                                                }
                                            }
                                        }
                                    }
                                }
                            }
                        }
                    }
                },
                "trainer_threads": {
                    "total": 1.889999998638814e-05,
                    "count": 1,
                    "self": 1.889999998638814e-05,
                    "children": {
                        "thread_root": {
                            "total": 0.0,
                            "count": 0,
                            "is_parallel": true,
                            "self": 0.0,
                            "children": {
                                "trainer_advance": {
                                    "total": 471.0919355000172,
                                    "count": 237620,
                                    "is_parallel": true,
                                    "self": 4.442267000010304,
                                    "children": {
                                        "process_trajectory": {
                                            "total": 466.6496685000069,
                                            "count": 237620,
                                            "is_parallel": true,