Steps,Policy/Entropy,Policy/Extrinsic Value Estimate,Environment/Episode Length,Environment/Cumulative Reward,Policy/Extrinsic Reward,Is Training
30000,4.4920044,-0.0746917,1453.8181818181818,-4.461636632680893,-4.461636632680893,1.0
40000,4.4896855,0.0036159756,None,-2.1248092806887473,-2.1248092806887473,1.0
50000,4.4871545,-0.03519081,None,None,None,1.0
60000,4.4837976,-0.105371,1776.888888888889,-4.90410019670214,-4.90410019670214,1.0
