{
    "name": "root",
    "gauges": {
        "distance3_AgentBrain.Policy.Entropy.mean": {
            "value": 1.5269408226013184,
            "min": 1.413504719734192,
            "max": 1.5298428535461426,
            "count": 300
        },
        "distance3_AgentBrain.Policy.ExtrinsicValueEstimate.mean": {
            "value": -0.3657892346382141,
            "min": -3.319373369216919,
            "max": 5.660060405731201,
            "count": 300
        },
        "distance3_AgentBrain.IsTraining.mean": {
            "value": 1.0,
            "min": 1.0,
            "max": 1.0,
            "count": 300
        },
        "distance3_AgentBrain.Losses.ValueLoss.mean": {
            "value": 0.018017983064055443,
            "min": 0.0045027402229607105,
            "max": 124.52489471435547,
            "count": 273
        },
        "distance3_AgentBrain.Losses.PolicyLoss.mean": {
            "value": 0.023066340014338493,
            "min": 0.012843528762459755,
            "max": 0.3101467192173004,
            "count": 273
        },
        "distance3_AgentBrain.Policy.LearningRate.mean": {
            "value": 2.4339411197615846e-07,
            "min": 2.4339411197615846e-07,
            "max": 0.00029815681045874953,
            "count": 273
        },
        "distance3_AgentBrain.Environment.EpisodeLength.mean": {
            "value": 723.5,
            "min": 35.0,
            "max": 1999.0,
            "count": 278
        },
        "distance3_AgentBrain.Environment.CumulativeReward.mean": {
            "value": -4.301555828915702,
            "min": -9.999000787734985,
            "max": -0.04649999737739563,
            "count": 279
        },
        "distance3_AgentBrain.Policy.ExtrinsicReward.mean": {
            "value": -4.301555828915702,
            "min": -9.999000787734985,
            "max": -0.04649999737739563,
            "count": 279
        }
    },
    "metadata": {
        "timer_format_version": "0.1.0",
        "start_time_seconds": "1592499941",
        "python_version": "3.6.10 |Anaconda, Inc.| (default, Mar 23 2020, 17:58:33) [MSC v.1916 64 bit (AMD64)]",
        "command_line_arguments": "C:\\Users\\joshu\\Anaconda3\\envs\\ml-agents\\Scripts\\mlagents-learn C:\\Users\\joshu\\Documents\\FYPReinforcementLearning\\models\\trainer_config.yaml --run-id=distance3",
        "mlagents_version": "0.16.0",
        "mlagents_envs_version": "0.16.0",
        "communication_protocol_version": "1.0.0",
        "tensorflow_version": "2.0.1",
        "end_time_seconds": "1592501770"
    },
    "total": 1828.8021757,
    "count": 1,
    "self": 0.3183536000001368,
    "children": {
        "run_training.setup": {
            "total": 0.025119,
            "count": 1,
            "self": 0.025119
        },
        "TrainerController.start_learning": {
            "total": 1828.4587030999999,
            "count": 1,
            "self": 66.78735069999811,
            "children": {
                "TrainerController._reset_env": {
                    "total": 7.2798115,
                    "count": 1,
                    "self": 7.2798115
                },
                "TrainerController.advance": {
                    "total": 1754.0107136000017,
                    "count": 84349,
                    "self": 1.1213714999998956,
                    "children": {
                        "env_step": {
                            "total": 1752.8893421000018,
                            "count": 84349,
                            "self": 1656.4428645000069,
                            "children": {
                                "SubprocessEnvManager._take_step": {
                                    "total": 95.25082319997537,
                                    "count": 84349,
                                    "self": 3.9590846999831513,
                                    "children": {
                                        "NNPolicy.evaluate": {
                                            "total": 91.29173849999222,
                                            "count": 83620,
                                            "self": 91.29173849999222
                                        }
                                    }
                                },
                                "workers": {
                                    "total": 1.195654400019576,
                                    "count": 84349,
                                    "self": 0.0,
                                    "children": {
                                        "worker_root": {
                                            "total": 1818.2388707999626,
                                            "count": 84349,
                                            "is_parallel": true,
                                            "self": 441.7338555999813,
                                            "children": {
                                                "steps_from_proto": {
                                                    "total": 0.0030176,
                                                    "count": 1,
                                                    "is_parallel": true,
                                                    "self": 0.00013579999999999972,
                                                    "children": {
                                                        "_process_vector_observation": {
                                                            "total": 0.0028818000000000003,
                                                            "count": 4,
                                                            "is_parallel": true,
                                                            "self": 0.0028818000000000003
                                                        }
                                                    }
                                                },
                                                "UnityEnvironment.step": {
                                                    "total": 1376.5019975999812,
                                                    "count": 84349,
                                                    "is_parallel": true,
                                                    "self": 34.99393059991303,
                                                    "children": {
                                                        "UnityEnvironment._generate_step_input": {
                                                            "total": 21.32164680004197,
                                                            "count": 84349,
                                                            "is_parallel": true,
                                                            "self": 21.32164680004197
                                                        },
                                                        "communicator.exchange": {
                                                            "total": 1163.9621635999952,
                                                            "count": 84349,
                                                            "is_parallel": true,
                                                            "self": 1163.9621635999952
                                                        },
                                                        "steps_from_proto": {
                                                            "total": 156.22425660003114,
                                                            "count": 84349,
                                                            "is_parallel": true,
                                                            "self": 10.51618170005824,