Steps,Policy/Extrinsic Value Estimate,Policy/Entropy,Losses/Value Loss,Losses/Policy Loss,Policy/Learning Rate,Environment/Episode Length,Environment/Cumulative Reward,Policy/Extrinsic Reward,Is Training
60000,-0.19773658,1.4255115,0.0033463878,0.019908028,0.00029746557,1988.741935483871,-8.640100580453872,-8.640100580453872,1.0
70000,-0.21526256,1.4254286,0.0028737222,0.028368393,0.0002967175,1999.0,-9.181818851015784,-9.181818851015784,1.0
