{
    "name": "root",
    "gauges": {
        "test2_AgentBrain.Policy.Entropy.mean": {
            "value": 1.4141520261764526,
            "min": 1.4101370573043823,
            "max": 1.418938398361206,
            "count": 18
        },
        "test2_AgentBrain.Policy.ExtrinsicValueEstimate.mean": {
            "value": -0.0031008420046418905,
            "min": -0.02750924974679947,
            "max": 0.013177958317101002,
            "count": 18
        },
        "test2_AgentBrain.IsTraining.mean": {
            "value": 1.0,
            "min": 1.0,
            "max": 1.0,
            "count": 18
        },
        "test2_AgentBrain.Losses.ValueLoss.mean": {
            "value": 7.813500815245789e-06,
            "min": 7.716754225839395e-06,
            "max": 0.0014636354753747582,
            "count": 17
        },
        "test2_AgentBrain.Losses.PolicyLoss.mean": {
            "value": 0.021090976893901825,
            "min": 0.017134759575128555,
            "max": 0.029622351750731468,
            "count": 17
        },
        "test2_AgentBrain.Policy.LearningRate.mean": {
            "value": 0.00028225925052538514,
            "min": 0.00028225925052538514,
            "max": 0.0002989632193930447,
            "count": 17
        },
        "test2_AgentBrain.Environment.EpisodeLength.mean": {
            "value": 1999.0,
            "min": 1999.0,
            "max": 1999.0,
            "count": 5
        },
        "test2_AgentBrain.Environment.CumulativeReward.mean": {
            "value": 0.058823529411764705,
            "min": 0.0,
            "max": 0.058823529411764705,
            "count": 5
        },
        "test2_AgentBrain.Policy.ExtrinsicReward.mean": {
            "value": 0.058823529411764705,
            "min": 0.0,
            "max": 0.058823529411764705,
            "count": 5
        }
    },
    "metadata": {
        "timer_format_version": "0.1.0",
        "start_time_seconds": "1589369191",
        "python_version": "3.6.10 |Anaconda, Inc.| (default, Mar 23 2020, 17:58:33) [MSC v.1916 64 bit (AMD64)]",
        "command_line_arguments": "C:\\Users\\joshu\\Anaconda3\\envs\\ml-agents\\Scripts\\mlagents-learn C:\\Users\\joshu\\Documents\\FYPReinforcementLearning\\models\\trainer_config.yaml --run-id=test2",
        "mlagents_version": "0.16.0",
        "mlagents_envs_version": "0.16.0",
        "communication_protocol_version": "1.0.0",
        "tensorflow_version": "2.0.1",
        "end_time_seconds": "1589369302"
    },
    "total": 111.1948249,
    "count": 1,
    "self": 0.0005319000000127971,
    "children": {
        "run_training.setup": {
            "total": 0.0051968,
            "count": 1,
            "self": 0.0051968
        },
        "TrainerController.start_learning": {
            "total": 111.1890962,
            "count": 1,
            "self": 6.333743099999637,
            "children": {
                "TrainerController._reset_env": {
                    "total": 4.1859118,
                    "count": 1,
                    "self": 4.1859118
                },
                "TrainerController.advance": {
                    "total": 100.49342170000035,
                    "count": 10481,
                    "self": 0.10271740000051466,
                    "children": {
                        "env_step": {
                            "total": 100.39070429999984,
                            "count": 10481,
                            "self": 92.21890769999898,
                            "children": {
                                "SubprocessEnvManager._take_step": {
                                    "total": 8.04632250000077,
                                    "count": 10481,
                                    "self": 0.3306895000003003,
                                    "children": {
                                        "NNPolicy.evaluate": {
                                            "total": 7.715633000000469,
                                            "count": 10481,
                                            "self": 7.715633000000469
                                        }
                                    }
                                },
                                "workers": {
                                    "total": 0.12547410000008874,
                                    "count": 10480,
                                    "self": 0.0,
                                    "children": {
                                        "worker_root": {
                                            "total": 106.36125469999985,
                                            "count": 10480,
                                            "is_parallel": true,
                                            "self": 35.221230500000374,
                                            "children": {
                                                "steps_from_proto": {
                                                    "total": 0.0005421,
                                                    "count": 1,
                                                    "is_parallel": true,
                                                    "self": 9.610000000000006e-05,
                                                    "children": {
                                                        "_process_vector_observation": {
                                                            "total": 0.00044599999999999994,
                                                            "count": 4,
                                                            "is_parallel": true,
                                                            "self": 0.00044599999999999994
                                                        }
                                                    }
                                                },
                                                "UnityEnvironment.step": {
                                                    "total": 71.13948209999947,
                                                    "count": 10480,
                                                    "is_parallel": true,
                                                    "self": 1.5402327000015248,
                                                    "children": {
                                                        "UnityEnvironment._generate_step_input": {
                                                            "total": 1.467879599999438,
                                                            "count": 10480,
                                                            "is_parallel": true,
                                                            "self": 1.467879599999438
                                                        },
                                                        "communicator.exchange": {
                                                            "total": 62.92743809999955,
                                                            "count": 10480,
                                                            "is_parallel": true,
                                                            "self": 62.92743809999955
                                                        },
                                                        "steps_from_proto": {
                                                            "total": 5.203931699998966,
                                                            "count": 10480,
                                                            "is_parallel": true,
                                                            "self": 0.9449577999993419,
                                                            "children": {
                                                                "_process_vector_observation": {
                                                                    "total": 4.258973899999624,