{
    "name": "root",
    "metadata": {
        "timer_format_version": "0.1.0",
        "start_time_seconds": "1590567341",
        "python_version": "3.6.10 |Anaconda, Inc.| (default, Mar 23 2020, 17:58:33) [MSC v.1916 64 bit (AMD64)]",
        "command_line_arguments": "C:\\Users\\joshu\\Anaconda3\\envs\\ml-agents\\Scripts\\mlagents-learn C:\\Users\\joshu\\Documents\\FYPReinforcementLearning\\models\\trainer_config.yaml --run-id=ver10run2",
        "mlagents_version": "0.16.0",
        "mlagents_envs_version": "0.16.0",
        "communication_protocol_version": "1.0.0",
        "tensorflow_version": "2.0.1",
        "end_time_seconds": "1590567355"
    },
    "total": 13.961589100000001,
    "count": 1,
    "self": 0.0005697000000015606,
    "children": {
        "run_training.setup": {
            "total": 0.0051472,
            "count": 1,
            "self": 0.0051472
        },
        "TrainerController.start_learning": {
            "total": 13.9558722,
            "count": 1,
            "self": 1.2559527000000177,
            "children": {
                "TrainerController._reset_env": {
                    "total": 6.7649201,
                    "count": 1,
                    "self": 6.7649201
                },
                "TrainerController.advance": {
                    "total": 5.744985499999981,
                    "count": 377,
                    "self": 0.004168999999983214,
                    "children": {
                        "env_step": {
                            "total": 5.7408164999999975,
                            "count": 377,
                            "self": 5.418491600000015,
                            "children": {
                                "SubprocessEnvManager._take_step": {
                                    "total": 0.31784319999999955,
                                    "count": 377,
                                    "self": 0.014956799999983339,
                                    "children": {
                                        "NNPolicy.evaluate": {
                                            "total": 0.3028864000000162,
                                            "count": 377,
                                            "self": 0.3028864000000162
                                        }
                                    }
                                },
                                "workers": {
                                    "total": 0.004481699999982602,
                                    "count": 376,
                                    "self": 0.0,
                                    "children": {
                                        "worker_root": {
                                            "total": 6.844163000000001,
                                            "count": 376,
                                            "is_parallel": true,
                                            "self": 1.929538500000004,
                                            "children": {
                                                "steps_from_proto": {
                                                    "total": 0.001208,
                                                    "count": 1,
                                                    "is_parallel": true,
                                                    "self": 0.00010980000000000018,
                                                    "children": {
                                                        "_process_vector_observation": {
                                                            "total": 0.0010982,
                                                            "count": 4,
                                                            "is_parallel": true,
                                                            "self": 0.0010982
                                                        }
                                                    }
                                                },
                                                "UnityEnvironment.step": {
                                                    "total": 4.913416499999997,
                                                    "count": 376,
                                                    "is_parallel": true,
                                                    "self": 0.10772570000000492,
                                                    "children": {
                                                        "UnityEnvironment._generate_step_input": {
                                                            "total": 0.07403599999999866,
                                                            "count": 376,
                                                            "is_parallel": true,
                                                            "self": 0.07403599999999866
                                                        },
                                                        "communicator.exchange": {
                                                            "total": 4.2733797000000004,
                                                            "count": 376,
                                                            "is_parallel": true,
                                                            "self": 4.2733797000000004
                                                        },
                                                        "steps_from_proto": {
                                                            "total": 0.4582750999999927,
                                                            "count": 376,
                                                            "is_parallel": true,
                                                            "self": 0.039859299999991604,
                                                            "children": {
                                                                "_process_vector_observation": {
                                                                    "total": 0.4184158000000011,
                                                                    "count": 1504,
                                                                    "is_parallel": true,
                                                                    "self": 0.4184158000000011
                                                                }
                                                            }
                                                        }
                                                    }
                                                }
                                            }
                                        }
                                    }
                                }
                            }
                        }
                    }
                },
                "trainer_threads": {
                    "total": 1.540000000055386e-05,
                    "count": 1,
                    "self": 1.540000000055386e-05,
                    "children": {
                        "thread_root": {
                            "total": 0.0,
                            "count": 0,
                            "is_parallel": true,
                            "self": 0.0,
                            "children": {
                                "trainer_advance": {
                                    "total": 5.805083799999953,
                                    "count": 2934,
                                    "is_parallel": true,
                                    "self": 0.08041580000001591,
                                    "children": {
                                        "process_trajectory": {
                                            "total": 5.724667999999937,
                                            "count": 2934,
                                            "is_parallel": true,