{
    "name": "root",
    "gauges": {
        "ver11run1_AgentBrain.Policy.Entropy.mean": {
            "value": 1.408707857131958,
            "min": 1.408707857131958,
            "max": 1.427883267402649,
            "count": 39
        },
        "ver11run1_AgentBrain.Policy.ExtrinsicValueEstimate.mean": {
            "value": -0.2680271565914154,
            "min": -0.3861936032772064,
            "max": -0.08243077993392944,
            "count": 39
        },
        "ver11run1_AgentBrain.IsTraining.mean": {
            "value": 1.0,
            "min": 1.0,
            "max": 1.0,
            "count": 39
        },
        "ver11run1_AgentBrain.Losses.ValueLoss.mean": {
            "value": 0.009652898646891117,
            "min": 0.0021591465920209885,
            "max": 0.026982616633176804,
            "count": 34
        },
        "ver11run1_AgentBrain.Losses.PolicyLoss.mean": {
            "value": 0.023224910721182823,
            "min": 0.01540169958025217,
            "max": 0.030930135399103165,
            "count": 34
        },
        "ver11run1_AgentBrain.Policy.LearningRate.mean": {
            "value": 0.00028701871633529663,
            "min": 0.00028701871633529663,
            "max": 0.0002995392424054444,
            "count": 34
        },
        "ver11run1_AgentBrain.Environment.EpisodeLength.mean": {
            "value": 724.3333333333334,
            "min": 99.0,
            "max": 1999.0,
            "count": 30
        },
        "ver11run1_AgentBrain.Environment.CumulativeReward.mean": {
            "value": -3.551583523551623,
            "min": -9.665667414665222,
            "max": 0.5010000765323639,
            "count": 31
        },
        "ver11run1_AgentBrain.Policy.ExtrinsicReward.mean": {
            "value": -3.551583523551623,
            "min": -9.665667414665222,
            "max": 0.5010000765323639,
            "count": 31
        }
    },
    "metadata": {
        "timer_format_version": "0.1.0",
        "start_time_seconds": "1590671581",
        "python_version": "3.6.10 |Anaconda, Inc.| (default, Mar 23 2020, 17:58:33) [MSC v.1916 64 bit (AMD64)]",
        "command_line_arguments": "C:\\Users\\joshu\\Anaconda3\\envs\\ml-agents\\Scripts\\mlagents-learn C:\\Users\\joshu\\Documents\\FYPReinforcementLearning\\models\\trainer_config.yaml --run-id=ver11run1",
        "mlagents_version": "0.16.0",
        "mlagents_envs_version": "0.16.0",
        "communication_protocol_version": "1.0.0",
        "tensorflow_version": "2.0.1",
        "end_time_seconds": "1590671846"
    },
    "total": 264.7504555,
    "count": 1,
    "self": 0.0005977999999799977,
    "children": {
        "run_training.setup": {
            "total": 0.0058149,
            "count": 1,
            "self": 0.0058149
        },
        "TrainerController.start_learning": {
            "total": 264.7440428,
            "count": 1,
            "self": 10.892071400003204,
            "children": {
                "TrainerController._reset_env": {
                    "total": 14.2085011,
                    "count": 1,
                    "self": 14.2085011
                },
                "TrainerController.advance": {
                    "total": 239.4642207999968,
                    "count": 14881,
                    "self": 0.15806769999812786,
                    "children": {
                        "env_step": {
                            "total": 239.30615309999868,
                            "count": 14881,
                            "self": 225.2688432000036,
                            "children": {
                                "SubprocessEnvManager._take_step": {
                                    "total": 13.84867379999761,
                                    "count": 14881,
                                    "self": 0.587104799998146,
                                    "children": {
                                        "NNPolicy.evaluate": {
                                            "total": 13.261568999999463,
                                            "count": 14804,
                                            "self": 13.261568999999463
                                        }
                                    }
                                },
                                "workers": {
                                    "total": 0.188636099997483,
                                    "count": 14880,
                                    "self": 0.0,
                                    "children": {
                                        "worker_root": {
                                            "total": 249.82752749999955,
                                            "count": 14880,
                                            "is_parallel": true,
                                            "self": 63.299223899998395,
                                            "children": {
                                                "steps_from_proto": {
                                                    "total": 0.0038092,
                                                    "count": 1,
                                                    "is_parallel": true,
                                                    "self": 0.00015390000000000022,
                                                    "children": {
                                                        "_process_vector_observation": {
                                                            "total": 0.0036552999999999998,
                                                            "count": 4,
                                                            "is_parallel": true,
                                                            "self": 0.0036552999999999998
                                                        }
                                                    }
                                                },
                                                "UnityEnvironment.step": {
                                                    "total": 186.52449440000115,
                                                    "count": 14880,
                                                    "is_parallel": true,
                                                    "self": 4.105173700001927,
                                                    "children": {
                                                        "UnityEnvironment._generate_step_input": {
                                                            "total": 2.8799797000017398,
                                                            "count": 14880,
                                                            "is_parallel": true,
                                                            "self": 2.8799797000017398
                                                        },
                                                        "communicator.exchange": {
                                                            "total": 161.80881029999884,
                                                            "count": 14880,
                                                            "is_parallel": true,
                                                            "self": 161.80881029999884
                                                        },
                                                        "steps_from_proto": {
                                                            "total": 17.730530699998635,
                                                            "count": 14880,
                                                            "is_parallel": true,
                                                            "self": 1.5049984999986386,