{
    "name": "root",
    "gauges": {
        "ver2run5_AgentBrain.Policy.Entropy.mean": {
            "value": 1.358905553817749,
            "min": 1.3580771684646606,
            "max": 1.418938398361206,
            "count": 300
        },
        "ver2run5_AgentBrain.Policy.ExtrinsicValueEstimate.mean": {
            "value": 0.2100677490234375,
            "min": -0.08669344335794449,
            "max": 0.23028743267059326,
            "count": 300
        },
        "ver2run5_AgentBrain.IsTraining.mean": {
            "value": 1.0,
            "min": 1.0,
            "max": 1.0,
            "count": 300
        },
        "ver2run5_AgentBrain.Losses.ValueLoss.mean": {
            "value": 0.005325344391167164,
            "min": 0.00014878500951454043,
            "max": 0.027983399108052254,
            "count": 255
        },
        "ver2run5_AgentBrain.Losses.PolicyLoss.mean": {
            "value": 0.022155385464429855,
            "min": 0.015339282341301441,
            "max": 0.03604626655578613,
            "count": 255
        },
        "ver2run5_AgentBrain.Policy.LearningRate.mean": {
            "value": 1.194201558973873e-06,
            "min": 1.194201558973873e-06,
            "max": 0.00029861758230254054,
            "count": 255
        },
        "ver2run5_AgentBrain.Environment.EpisodeLength.mean": {
            "value": 1999.0,
            "min": 1999.0,
            "max": 1999.5555555555557,
            "count": 92
        },
        "ver2run5_AgentBrain.Environment.CumulativeReward.mean": {
            "value": 2.2807270201543965,
            "min": -0.9955000728368759,
            "max": 5.007298536598682,
            "count": 116
        },
        "ver2run5_AgentBrain.Policy.ExtrinsicReward.mean": {
            "value": 2.2807270201543965,
            "min": -0.9955000728368759,
            "max": 5.007298536598682,
            "count": 116
        }
    },
    "metadata": {
        "timer_format_version": "0.1.0",
        "start_time_seconds": "1589810057",
        "python_version": "3.6.10 |Anaconda, Inc.| (default, Mar 23 2020, 17:58:33) [MSC v.1916 64 bit (AMD64)]",
        "command_line_arguments": "C:\\Users\\joshu\\Anaconda3\\envs\\ml-agents\\Scripts\\mlagents-learn C:\\Users\\joshu\\Documents\\FYPReinforcementLearning\\models\\trainer_config.yaml --run-id=ver2run5",
        "mlagents_version": "0.16.0",
        "mlagents_envs_version": "0.16.0",
        "communication_protocol_version": "1.0.0",
        "tensorflow_version": "2.0.1",
        "end_time_seconds": "1589812245"
    },
    "total": 2187.7209156,
    "count": 1,
    "self": 0.19585369999958857,
    "children": {
        "run_training.setup": {
            "total": 0.005098,
            "count": 1,
            "self": 0.005098
        },
        "TrainerController.start_learning": {
            "total": 2187.5199639,
            "count": 1,
            "self": 80.84138719999328,
            "children": {
                "TrainerController._reset_env": {
                    "total": 6.4326449,
                    "count": 1,
                    "self": 6.4326449
                },
                "TrainerController.advance": {
                    "total": 2099.750231200007,
                    "count": 167294,
                    "self": 1.7123327999820503,
                    "children": {
                        "env_step": {
                            "total": 2098.037898400025,
                            "count": 167294,
                            "self": 1966.4429420000208,
                            "children": {
                                "SubprocessEnvManager._take_step": {
                                    "total": 129.57529419998602,
                                    "count": 167294,
                                    "self": 5.467595699991477,
                                    "children": {
                                        "NNPolicy.evaluate": {
                                            "total": 124.10769849999454,
                                            "count": 166777,
                                            "self": 124.10769849999454
                                        }
                                    }
                                },
                                "workers": {
                                    "total": 2.0196622000181614,
                                    "count": 167294,
                                    "self": 0.0,
                                    "children": {
                                        "worker_root": {
                                            "total": 2177.0206017000255,
                                            "count": 167294,
                                            "is_parallel": true,
                                            "self": 536.726416000057,
                                            "children": {
                                                "steps_from_proto": {
                                                    "total": 0.0006693000000000001,
                                                    "count": 1,
                                                    "is_parallel": true,
                                                    "self": 0.00010079999999999996,
                                                    "children": {
                                                        "_process_vector_observation": {
                                                            "total": 0.0005685000000000001,
                                                            "count": 4,
                                                            "is_parallel": true,
                                                            "self": 0.0005685000000000001
                                                        }
                                                    }
                                                },
                                                "UnityEnvironment.step": {
                                                    "total": 1640.2935163999684,
                                                    "count": 167294,
                                                    "is_parallel": true,
                                                    "self": 27.852825999932975,
                                                    "children": {
                                                        "UnityEnvironment._generate_step_input": {
                                                            "total": 23.398207300044675,
                                                            "count": 167294,
                                                            "is_parallel": true,
                                                            "self": 23.398207300044675
                                                        },
                                                        "communicator.exchange": {
                                                            "total": 1487.7531032999789,
                                                            "count": 167294,
                                                            "is_parallel": true,
                                                            "self": 1487.7531032999789
                                                        },
                                                        "steps_from_proto": {
                                                            "total": 101.28937980001177,
                                                            "count": 167294,
                                                            "is_parallel": true,
                                                            "self": 15.116501800116069,