{"count":1,"self":2568.1870848,"total":6103.1539066999994,"children":{"AgentSendState":{"count":5002234,"self":40.3677472,"total":643.8970141,"children":{"CollectObservations":{"count":1000447,"self":476.44175359999997,"total":476.44173969999997,"children":null},"CollectDiscreteActionMasks":{"count":1000447,"self":1.4152129,"total":1.4152129,"children":null},"AgentInfo.ToProto":{"count":1000447,"self":6.185764,"total":125.6723133,"children":{"GenerateSensorData":{"count":1000447,"self":31.594140799999998,"total":119.48654909999999,"children":{"RayPerceptionSensor.Perceive":{"count":1000447,"self":87.8924096,"total":87.892408199999991,"children":null}}}}}}},"DecideAction":{"count":5002234,"self":2861.7240576,"total":2861.7241082,"children":null},"AgentAct":{"count":5002234,"self":29.264758399999998,"total":29.339705499999997,"children":{"AgentInfo.ToProto":{"count":496,"self":0.009042999999999999,"total":0.0749465,"children":{"GenerateSensorData":{"count":496,"self":0.017617499999999998,"total":0.0659035,"children":{"RayPerceptionSensor.Perceive":{"count":496,"self":0.048285999999999996,"total":0.048285999999999996,"children":null}}}}}}},"AgentInfo.ToProto":{"count":52,"self":0,"total":0.0049867999999999996,"children":{"GenerateSensorData":{"count":52,"self":0.0019951,"total":0.0049867999999999996,"children":{"RayPerceptionSensor.Perceive":{"count":52,"self":0.0029917,"total":0.0029917,"children":null}}}}}},"gauges":{"AgentBrain.CumulativeReward":{"count":548,"max":0.984,"min":-10.000411,"runningAverage":-9.01979351,"value":-10.000411,"weightedAverage":-8.016303}},"metadata":{"timer_format_version":"0.1.0","start_time_seconds":"1594485068","unity_version":"2019.3.11f1","command_line_arguments":"C:\\Program Files\\Unity\\Hub\\Editor\\2019.3.11f1\\Editor\\Unity.exe -projectpath C:\/Users\/joshu\/Documents\/FYPReinforcementLearning\/AgentEnvironment -useHub -hubIPC -cloudEnvironment production -hubSessionId 5c363780-c392-11ea-bedd-8d43c07b68f8 -accessToken bSoLmb1U9yr6AS1z01zVA0AEVJ1rfmwZcn3vJXM2v9Y011f","communication_protocol_version":"1.0.0","com.unity.ml-agents_version":"1.0.0-preview","scene_name":"oneBoard","end_time_seconds":"1594491171"}}