{"count":1,"self":461.7594368,"total":1821.7879438999998,"children":{"AgentSendState":{"count":418101,"self":48.218361599999994,"total":435.0158585,"children":{"CollectObservations":{"count":3010356,"self":8.287512,"total":8.2875119,"children":null},"CollectDiscreteActionMasks":{"count":3010356,"self":3.8620028,"total":3.8620029,"children":null},"AgentInfo.ToProto":{"count":3010356,"self":14.6448144,"total":374.64798329999996,"children":{"GenerateSensorData":{"count":3010356,"self":70.1712064,"total":360.00316899999996,"children":{"RayPerceptionSensor.Perceive":{"count":3010356,"self":289.8319616,"total":289.8319653,"children":null}}}}}}},"DecideAction":{"count":418101,"self":906.00704,"total":906.0070511,"children":null},"AgentAct":{"count":418101,"self":18.686096,"total":18.8467677,"children":{"AgentInfo.ToProto":{"count":1140,"self":0.0029925999999999998,"total":0.16067209999999998,"children":{"GenerateSensorData":{"count":1140,"self":0.0329444,"total":0.1576795,"children":{"RayPerceptionSensor.Perceive":{"count":1140,"self":0.12473509999999999,"total":0.12473509999999999,"children":null}}}}}}},"AgentInfo.ToProto":{"count":1110,"self":0.0089772,"total":0.1578202,"children":{"GenerateSensorData":{"count":1110,"self":0.0360538,"total":0.148843,"children":{"RayPerceptionSensor.Perceive":{"count":1110,"self":0.11278919999999999,"total":0.11278919999999999,"children":null}}}}}},"gauges":{"AgentBrain.CumulativeReward":{"count":2250,"max":2.765996,"min":-10.000411,"runningAverage":-5.737734,"value":-1.38286662,"weightedAverage":-2.994213}},"metadata":{"timer_format_version":"0.1.0","start_time_seconds":"1592499948","unity_version":"2019.3.11f1","command_line_arguments":"C:\\Program Files\\Unity\\Hub\\Editor\\2019.3.11f1\\Editor\\Unity.exe -projectpath C:\/Users\/joshu\/Documents\/FYPReinforcementLearning\/AgentEnvironment -useHub -hubIPC -cloudEnvironment production -hubSessionId b58800c0-acc7-11ea-bf31-e746023f8ac1 -accessToken UkABRKUWx5b0PQvtXZaLgp52-1stGZouR3as6CidMY8011f","communication_protocol_version":"1.0.0","com.unity.ml-agents_version":"1.0.0-preview","scene_name":"TargetFinder","end_time_seconds":"1592501770"}}