{"count":1,"self":136.8500096,"total":143.0482274,"children":{"AgentSendState":{"count":6926,"self":0.301095,"total":0.4298903,"children":{"CollectObservations":{"count":37422,"self":0.086288099999999993,"total":0.086288099999999993,"children":null},"CollectDiscreteActionMasks":{"count":37422,"self":0.042507199999999995,"total":0.042507199999999995,"children":null}}},"DecideAction":{"count":6926,"self":1.9897639999999999,"total":5.4705661999999995,"children":{"RayPerceptionSensor.Perceive":{"count":37422,"self":3.4808024,"total":3.4808022999999997,"children":null}}},"AgentAct":{"count":6926,"self":0.29674079999999997,"total":0.29674079999999997,"children":null}},"gauges":{"AgentBrain.CumulativeReward":{"count":147,"max":6.57102537,"min":-4.6498456,"runningAverage":2.33176041,"value":2.19305,"weightedAverage":2.240079}},"metadata":{"timer_format_version":"0.1.0","start_time_seconds":"1590671917","unity_version":"2019.3.11f1","command_line_arguments":"C:\\Program Files\\Unity\\Hub\\Editor\\2019.3.11f1\\Editor\\Unity.exe -projectpath C:\/Users\/joshu\/Documents\/FYPReinforcementLearning\/AgentEnvironment -useHub -hubIPC -cloudEnvironment production -hubSessionId 244b4cd0-a0b9-11ea-a695-2b0432e8151b -accessToken XA-sqGK_eRm2g345akv6491XIpy2eVpekImpune1He0011f","communication_protocol_version":"1.0.0","com.unity.ml-agents_version":"1.0.0-preview","scene_name":"TargetFinder","end_time_seconds":"1590672060"}}