{"count":1,"self":7641.9874815999992,"total":17373.932749199997,"children":{"AgentSendState":{"count":11432884,"self":220.11115519999998,"total":1065.4318904,"children":{"CollectObservations":{"count":11432885,"self":29.916016,"total":29.9160166,"children":null},"CollectDiscreteActionMasks":{"count":11432885,"self":13.4145896,"total":13.4145895,"children":null},"AgentInfo.ToProto":{"count":11432885,"self":53.089353599999995,"total":801.99013489999993,"children":{"GenerateSensorData":{"count":11432885,"self":130.7886848,"total":748.90078139999991,"children":{"RayPerceptionSensor.Perceive":{"count":11432885,"self":618.1121024,"total":618.1120903,"children":null}}}}}}},"DecideAction":{"count":11432884,"self":8583.1098368,"total":8583.1096843,"children":null},"AgentAct":{"count":11432884,"self":82.39685759999999,"total":83.4023015,"children":{"AgentInfo.ToProto":{"count":11464,"self":0.0841637,"total":1.0054437999999999,"children":{"GenerateSensorData":{"count":11464,"self":0.1939128,"total":0.92128009999999994,"children":{"RayPerceptionSensor.Perceive":{"count":11464,"self":0.72736729999999994,"total":0.72736729999999994,"children":null}}}}}}}},"gauges":{"AgentBrain.CumulativeReward":{"count":11464,"max":1.07000065,"min":-49.9976158,"runningAverage":-49.8314857,"value":-49.9976158,"weightedAverage":-49.997612}},"metadata":{"timer_format_version":"0.1.0","start_time_seconds":"1589177904","unity_version":"2019.3.11f1","command_line_arguments":"C:\\Program Files\\Unity\\Hub\\Editor\\2019.3.11f1\\Editor\\Unity.exe -projectpath C:\/Users\/joshu\/Documents\/FYPReinforcementLearning\/AgentEnvironment -useHub -hubIPC -cloudEnvironment production -hubSessionId 4137b640-9348-11ea-96f0-f592748fc123 -accessToken OASKeShBNKw5VFnOI9BlgVq6ktKAs_X7hG7fk59DATQ011f","communication_protocol_version":"1.0.0","com.unity.ml-agents_version":"1.0.0-preview","scene_name":"TargetFinder","end_time_seconds":"1589195278"}}