{"count":1,"self":530.6913792,"total":3337.3449284999997,"children":{"AgentSendState":{"count":313484,"self":84.183904,"total":1209.6082817,"children":{"CollectObservations":{"count":6018912,"self":18.602956799999998,"total":18.602957399999998,"children":null},"CollectDiscreteActionMasks":{"count":6018912,"self":7.1049248,"total":7.1049245,"children":null},"AgentInfo.ToProto":{"count":6018912,"self":29.294876799999997,"total":1099.7164966,"children":{"GenerateSensorData":{"count":6018912,"self":169.5708544,"total":1070.4216204,"children":{"RayPerceptionSensor.Perceive":{"count":6018912,"self":900.85079039999994,"total":900.85076559999993,"children":null}}}}}}},"DecideAction":{"count":313484,"self":1554.7506687999999,"total":1554.7507183,"children":null},"AgentAct":{"count":313484,"self":36.6288544,"total":36.9114236,"children":{"AgentInfo.ToProto":{"count":1488,"self":0.012577699999999999,"total":0.2825696,"children":{"GenerateSensorData":{"count":1488,"self":0.0556133,"total":0.2699919,"children":{"RayPerceptionSensor.Perceive":{"count":1488,"self":0.2143786,"total":0.2143786,"children":null}}}}}}},"AgentInfo.ToProto":{"count":23135,"self":0.2525594,"total":5.3821053999999995,"children":{"GenerateSensorData":{"count":23135,"self":0.8466062,"total":5.1295459999999995,"children":{"RayPerceptionSensor.Perceive":{"count":23135,"self":4.28294,"total":4.2829397999999994,"children":null}}}}}},"gauges":{"AgentBrain.CumulativeReward":{"count":24623,"max":6.49603128,"min":-29.2035561,"runningAverage":0.580099642,"value":0.6830037,"weightedAverage":1.47533488}},"metadata":{"timer_format_version":"0.1.0","start_time_seconds":"1594873026","unity_version":"2019.3.11f1","command_line_arguments":"C:\\Program Files\\Unity\\Hub\\Editor\\2019.3.11f1\\Editor\\Unity.exe -projectpath C:\/Users\/joshu\/Documents\/FYPReinforcementLearning\/AgentEnvironment -useHub -hubIPC -cloudEnvironment production -hubSessionId 68296640-c584-11ea-8e8b-2b8b6d31a6a6 -accessToken Oh3ONHABag7G6TZmPEKtYcsgKkWCebBL2mARhbS7i4U011f","communication_protocol_version":"1.0.0","com.unity.ml-agents_version":"1.0.0-preview","scene_name":"TargetFinder","end_time_seconds":"1594876363"}}