{"count":1,"self":26273.2775424,"total":51293.6123418,"children":{"AgentSendState":{"count":36987402,"self":317.90287359999996,"total":3800.4211188,"children":{"CollectObservations":{"count":7397481,"self":29.339612799999998,"total":29.339613,"children":null},"CollectDiscreteActionMasks":{"count":7397481,"self":9.557615199999999,"total":9.5576154999999989,"children":null},"AgentInfo.ToProto":{"count":7397481,"self":65.9322368,"total":3443.6210097,"children":{"GenerateSensorData":{"count":7397481,"self":2797.8471424,"total":3377.6887754,"children":{"RayPerceptionSensor.Perceive":{"count":7397481,"self":579.8416896,"total":579.8416675,"children":null}}}}}}},"DecideAction":{"count":36987402,"self":21045.406924799998,"total":21045.4064105,"children":null},"AgentAct":{"count":36987402,"self":170.66287359999998,"total":173.7707776,"children":{"AgentInfo.ToProto":{"count":6759,"self":0.071022,"total":3.1079048,"children":{"GenerateSensorData":{"count":6759,"self":2.4951032,"total":3.0368828,"children":{"RayPerceptionSensor.Perceive":{"count":6759,"self":0.5417797,"total":0.5417797,"children":null}}}}}}},"AgentInfo.ToProto":{"count":1635,"self":0.0178931,"total":0.73520829999999993,"children":{"GenerateSensorData":{"count":1635,"self":0.60703639999999992,"total":0.71731519999999993,"children":{"RayPerceptionSensor.Perceive":{"count":1635,"self":0.1102788,"total":0.1102788,"children":null}}}}}},"gauges":{"AgentBrain.CumulativeReward":{"count":8394,"max":0.98,"min":-399.9651,"runningAverage":-112.0516,"value":-99.99523,"weightedAverage":-113.9664}},"metadata":{"timer_format_version":"0.1.0","start_time_seconds":"1589209717","unity_version":"2019.3.11f1","command_line_arguments":"C:\\Program Files\\Unity\\Hub\\Editor\\2019.3.11f1\\Editor\\Unity.exe -projectpath C:\/Users\/joshu\/Documents\/FYPReinforcementLearning\/AgentEnvironment -useHub -hubIPC -cloudEnvironment production -hubSessionId 4137b640-9348-11ea-96f0-f592748fc123 -accessToken iw0pcafaM9HtYq33pkHoTH7uUf8DlJ9yvAps9KetPEs011f","communication_protocol_version":"1.0.0","com.unity.ml-agents_version":"1.0.0-preview","scene_name":"TargetFinder","end_time_seconds":"1589261010"}}