{"count":1,"self":5337.7646592,"total":15565.319312399999,"children":{"AgentSendState":{"count":7133884,"self":378.0114688,"total":1874.7466121,"children":{"CollectObservations":{"count":25681986,"self":56.491392,"total":56.491389299999994,"children":null},"CollectDiscreteActionMasks":{"count":25681986,"self":29.4435488,"total":29.443548699999997,"children":null},"AgentInfo.ToProto":{"count":25681986,"self":111.46403839999999,"total":1410.8002158,"children":{"GenerateSensorData":{"count":25681986,"self":275.0013184,"total":1299.3361806999999,"children":{"RayPerceptionSensor.Perceive":{"count":25681986,"self":1024.334848,"total":1024.3348604,"children":null}}}}}}},"DecideAction":{"count":7133884,"self":7751.5759616,"total":7751.5762421,"children":null},"AgentAct":{"count":7133884,"self":600.138752,"total":601.23070799999994,"children":{"AgentInfo.ToProto":{"count":12834,"self":0.1037874,"total":1.0919562,"children":{"GenerateSensorData":{"count":12834,"self":0.2004879,"total":0.9881688,"children":{"RayPerceptionSensor.Perceive":{"count":12834,"self":0.7876809,"total":0.7876809,"children":null}}}}}}}},"gauges":{"AgentBrain.CumulativeReward":{"count":12834,"max":16.0054855,"min":-1.00005352,"runningAverage":5.30367,"value":5.009309,"weightedAverage":4.832588}},"metadata":{"timer_format_version":"0.1.0","start_time_seconds":"1589373471","unity_version":"2019.3.11f1","command_line_arguments":"C:\\Program Files\\Unity\\Hub\\Editor\\2019.3.11f1\\Editor\\Unity.exe -projectpath C:\/Users\/joshu\/Documents\/FYPReinforcementLearning\/AgentEnvironment -useHub -hubIPC -cloudEnvironment production -hubSessionId 4137b640-9348-11ea-96f0-f592748fc123 -accessToken iqicHffIvhPfyyWRayCua-FVjpj-jBOl6oEWVdj_qaE011f","communication_protocol_version":"1.0.0","com.unity.ml-agents_version":"1.0.0-preview","scene_name":"TargetFinder","end_time_seconds":"1589389036"}}