{"count":1,"self":719.73893119999991,"total":3681.5048192,"children":{"AgentSendState":{"count":834801,"self":89.526515199999992,"total":985.4093145999999,"children":{"CollectObservations":{"count":6010596,"self":106.6101568,"total":106.610154,"children":null},"CollectDiscreteActionMasks":{"count":6010596,"self":6.8155648,"total":6.8155648,"children":null},"AgentInfo.ToProto":{"count":6010596,"self":31.283904,"total":782.45707989999994,"children":{"GenerateSensorData":{"count":6010596,"self":222.6953216,"total":751.1731758,"children":{"RayPerceptionSensor.Perceive":{"count":6010596,"self":528.4778496,"total":528.47784949999993,"children":null}}}}}}},"DecideAction":{"count":834801,"self":1945.7992703999998,"total":1945.7991685999998,"children":null},"AgentAct":{"count":834801,"self":29.9403072,"total":30.299735899999998,"children":{"AgentInfo.ToProto":{"count":2385,"self":0.012050799999999999,"total":0.3594286,"children":{"GenerateSensorData":{"count":2385,"self":0.0980332,"total":0.34737779999999996,"children":{"RayPerceptionSensor.Perceive":{"count":2385,"self":0.2493446,"total":0.2493446,"children":null}}}}}}},"AgentInfo.ToProto":{"count":1689,"self":0.0110149,"total":0.2556865,"children":{"GenerateSensorData":{"count":1689,"self":0.0776188,"total":0.2446716,"children":{"RayPerceptionSensor.Perceive":{"count":1689,"self":0.1670528,"total":0.1670528,"children":null}}}}}},"gauges":{"AgentBrain.CumulativeReward":{"count":4074,"max":2.89999962,"min":-10.000411,"runningAverage":-6.592647,"value":-6.999458,"weightedAverage":-6.8142786}},"metadata":{"timer_format_version":"0.1.0","start_time_seconds":"1594050865","unity_version":"2019.3.11f1","command_line_arguments":"C:\\Program Files\\Unity\\Hub\\Editor\\2019.3.11f1\\Editor\\Unity.exe -projectpath C:\/Users\/joshu\/Documents\/FYPReinforcementLearning\/AgentEnvironment -useHub -hubIPC -cloudEnvironment production -hubSessionId 4e3b61d0-bf43-11ea-b8b1-799aa45810dc -accessToken fMnjx_22MM8uP8sfYEwcMQHg4gQRdg6s70fCA0aMhOc011f","communication_protocol_version":"1.0.0","com.unity.ml-agents_version":"1.0.0-preview","scene_name":"TargetFinder","end_time_seconds":"1594054546"}}