{"count":1,"self":1393.6169983999998,"total":3917.6155492,"children":{"AgentSendState":{"count":1111401,"self":101.6032,"total":716.27742059999991,"children":{"CollectObservations":{"count":6001587,"self":16.4487536,"total":16.4487536,"children":null},"CollectDiscreteActionMasks":{"count":6001587,"self":7.9556439999999995,"total":7.9556439999999995,"children":null},"AgentInfo.ToProto":{"count":6001587,"self":31.3520512,"total":590.2698222,"children":{"GenerateSensorData":{"count":6001587,"self":86.9528704,"total":558.91777159999992,"children":{"RayPerceptionSensor.Perceive":{"count":6001587,"self":471.96487679999996,"total":471.96489829999996,"children":null}}}}}}},"DecideAction":{"count":1111401,"self":1765.1185664,"total":1765.1184710999999,"children":null},"AgentAct":{"count":1111401,"self":36.7302464,"total":36.7927435,"children":{"AgentInfo.ToProto":{"count":591,"self":0.0039899,"total":0.0624964,"children":{"GenerateSensorData":{"count":591,"self":0.0099738,"total":0.058506499999999996,"children":{"RayPerceptionSensor.Perceive":{"count":591,"self":0.0485327,"total":0.0485327,"children":null}}}}}}},"AgentInfo.ToProto":{"count":50106,"self":0.4658286,"total":5.8089189999999995,"children":{"GenerateSensorData":{"count":50106,"self":0.98077079999999994,"total":5.3430903999999995,"children":{"RayPerceptionSensor.Perceive":{"count":50106,"self":4.3623196,"total":4.3623196,"children":null}}}}}},"gauges":{"AgentBrain.CumulativeReward":{"count":50697,"max":4.884003,"min":-10.000411,"runningAverage":1.05833888,"value":3.61600971,"weightedAverage":1.56392241}},"metadata":{"timer_format_version":"0.1.0","start_time_seconds":"1589952144","unity_version":"2019.3.11f1","command_line_arguments":"C:\\Program Files\\Unity\\Hub\\Editor\\2019.3.11f1\\Editor\\Unity.exe -projectpath C:\/Users\/joshu\/Documents\/FYPReinforcementLearning\/AgentEnvironment -useHub -hubIPC -cloudEnvironment production -hubSessionId 8cefb680-98a4-11ea-850b-d11945c517e3 -accessToken aTuVShoSpppDKw4Cc8xlgTvcUVKB55RfoNq-5LiXHAA011f","communication_protocol_version":"1.0.0","com.unity.ml-agents_version":"1.0.0-preview","scene_name":"TargetFinder","end_time_seconds":"1589956061"}}