{"count":1,"self":6817.2496895999993,"total":10674.1542658,"children":{"AgentSendState":{"count":1667601,"self":126.41623039999999,"total":1185.9546308,"children":{"CollectObservations":{"count":9005067,"self":19.020806399999998,"total":19.0208056,"children":null},"CollectDiscreteActionMasks":{"count":9005067,"self":10.254723199999999,"total":10.2547228,"children":null},"AgentInfo.ToProto":{"count":9005067,"self":38.447929599999995,"total":1030.2628671,"children":{"GenerateSensorData":{"count":9005067,"self":142.88639999999998,"total":991.8149363,"children":{"RayPerceptionSensor.Perceive":{"count":9005067,"self":848.9285632,"total":848.9285421,"children":null}}}}}}},"DecideAction":{"count":1667601,"self":2622.0417024,"total":2622.041701,"children":null},"AgentAct":{"count":1667601,"self":45.7930624,"total":45.968384099999994,"children":{"AgentInfo.ToProto":{"count":1215,"self":0.0129617,"total":0.17532009999999998,"children":{"GenerateSensorData":{"count":1215,"self":0.031961199999999995,"total":0.16235839999999999,"children":{"RayPerceptionSensor.Perceive":{"count":1215,"self":0.1303972,"total":0.1303972,"children":null}}}}}}},"AgentInfo.ToProto":{"count":21144,"self":0.1785752,"total":2.9396701,"children":{"GenerateSensorData":{"count":21144,"self":0.4680371,"total":2.7610949,"children":{"RayPerceptionSensor.Perceive":{"count":21144,"self":2.2930577999999997,"total":2.2930577999999997,"children":null}}}}}},"gauges":{"AgentBrain.CumulativeReward":{"count":22359,"max":13.0998268,"min":-10.000411,"runningAverage":2.78968477,"value":3.20002937,"weightedAverage":3.48574}},"metadata":{"timer_format_version":"0.1.0","start_time_seconds":"1590687978","unity_version":"2019.3.11f1","command_line_arguments":"C:\\Program Files\\Unity\\Hub\\Editor\\2019.3.11f1\\Editor\\Unity.exe -projectpath C:\/Users\/joshu\/Documents\/FYPReinforcementLearning\/AgentEnvironment -useHub -hubIPC -cloudEnvironment production -hubSessionId 244b4cd0-a0b9-11ea-a695-2b0432e8151b -accessToken XA-sqGK_eRm2g345akv6491XIpy2eVpekImpune1He0011f","communication_protocol_version":"1.0.0","com.unity.ml-agents_version":"1.0.0-preview","scene_name":"TargetFinder","end_time_seconds":"1590698652"}}