{"count":1,"self":856.36848639999994,"total":3258.9677207,"children":{"AgentSendState":{"count":834734,"self":80.650784,"total":786.4149996,"children":{"CollectObservations":{"count":6010092,"self":13.544431999999999,"total":13.5444313,"children":null},"CollectDiscreteActionMasks":{"count":6010092,"self":6.9218768,"total":6.9218769,"children":null},"AgentInfo.ToProto":{"count":6010092,"self":26.2987264,"total":685.2979091,"children":{"GenerateSensorData":{"count":6010092,"self":123.0960896,"total":658.99918229999992,"children":{"RayPerceptionSensor.Perceive":{"count":6010092,"self":535.9030784,"total":535.9030897,"children":null}}}}}}},"DecideAction":{"count":834734,"self":1587.173376,"total":1587.1733803,"children":null},"AgentAct":{"count":834734,"self":28.5545504,"total":28.8914531,"children":{"AgentInfo.ToProto":{"count":2535,"self":0.018007,"total":0.33690329999999996,"children":{"GenerateSensorData":{"count":2535,"self":0.0620386,"total":0.31889629999999997,"children":{"RayPerceptionSensor.Perceive":{"count":2535,"self":0.25685769999999997,"total":0.25685769999999997,"children":null}}}}}}},"AgentInfo.ToProto":{"count":990,"self":0.013112599999999999,"total":0.1184469,"children":{"GenerateSensorData":{"count":990,"self":0.012098699999999999,"total":0.10533429999999999,"children":{"RayPerceptionSensor.Perceive":{"count":990,"self":0.0932356,"total":0.0932356,"children":null}}}}}},"gauges":{"AgentBrain.CumulativeReward":{"count":3525,"max":32.00404,"min":-47.4955,"runningAverage":-0.9312786,"value":-5.99958944,"weightedAverage":2.51058626}},"metadata":{"timer_format_version":"0.1.0","start_time_seconds":"1594152899","unity_version":"2019.3.11f1","command_line_arguments":"C:\\Program Files\\Unity\\Hub\\Editor\\2019.3.11f1\\Editor\\Unity.exe -projectpath C:\/Users\/joshu\/Documents\/FYPReinforcementLearning\/AgentEnvironment -useHub -hubIPC -cloudEnvironment production -hubSessionId 4e3b61d0-bf43-11ea-b8b1-799aa45810dc -accessToken Cu9DeDrW4VE2MqT6ao0vTUU3M6g8l8kNHdi7cFvT95Y011f","communication_protocol_version":"1.0.0","com.unity.ml-agents_version":"1.0.0-preview","scene_name":"TargetFinder","end_time_seconds":"1594156157"}}