{"count":1,"self":590.81195519999994,"total":2531.051998,"children":{"AgentSendState":{"count":580351,"self":62.131046399999995,"total":657.1357442,"children":{"CollectObservations":{"count":4178556,"self":79.6070144,"total":79.6070115,"children":null},"CollectDiscreteActionMasks":{"count":4178556,"self":5.0783,"total":5.0782999,"children":null},"AgentInfo.ToProto":{"count":4178556,"self":19.5084928,"total":510.3193839,"children":{"GenerateSensorData":{"count":4178556,"self":116.765248,"total":490.8108914,"children":{"RayPerceptionSensor.Perceive":{"count":4178556,"self":374.0456448,"total":374.04564539999996,"children":null}}}}}}},"DecideAction":{"count":580351,"self":1258.6195968,"total":1258.619594,"children":null},"AgentAct":{"count":580351,"self":24.091772799999998,"total":24.3296954,"children":{"AgentInfo.ToProto":{"count":1722,"self":0.0150412,"total":0.23792329999999998,"children":{"GenerateSensorData":{"count":1722,"self":0.0450999,"total":0.2228821,"children":{"RayPerceptionSensor.Perceive":{"count":1722,"self":0.1777822,"total":0.1777822,"children":null}}}}}}},"AgentInfo.ToProto":{"count":1059,"self":0.0079843,"total":0.15303509999999998,"children":{"GenerateSensorData":{"count":1059,"self":0.0359912,"total":0.14505079999999998,"children":{"RayPerceptionSensor.Perceive":{"count":1059,"self":0.10905959999999999,"total":0.10905959999999999,"children":null}}}}}},"gauges":{"AgentBrain.CumulativeReward":{"count":2781,"max":3.7670064,"min":-10.000411,"runningAverage":-6.751571,"value":-9.000045,"weightedAverage":-5.96929359}},"metadata":{"timer_format_version":"0.1.0","start_time_seconds":"1594274993","unity_version":"2019.3.11f1","command_line_arguments":"C:\\Program Files\\Unity\\Hub\\Editor\\2019.3.11f1\\Editor\\Unity.exe -projectpath C:\/Users\/joshu\/Documents\/FYPReinforcementLearning\/AgentEnvironment -useHub -hubIPC -cloudEnvironment production -hubSessionId fa83b920-c181-11ea-9655-212e42669de1 -accessToken dhS0UkJpfKk4kk8JYfOaRvLrvj6byBgfpqYvy3O3ybc011f","communication_protocol_version":"1.0.0","com.unity.ml-agents_version":"1.0.0-preview","scene_name":"TargetFinder","end_time_seconds":"1594277524"}}