{"count":1,"self":461.7594368,"total":1821.7879438999998,"children":{"AgentSendState":{"count":418101,"self":48.218361599999994,"total":435.0158585,"children":{"CollectObservations":{"count":3010356,"self":8.287512,"total":8.2875119,"children":null},"CollectDiscreteActionMasks":{"count":3010356,"self":3.8620028,"total":3.8620029,"children":null},"AgentInfo.ToProto":{"count":3010356,"self":14.6448144,"total":374.64798329999996,"children":{"GenerateSensorData":{"count":3010356,"self":70.1712064,"total":360.00316899999996,"children":{"RayPerceptionSensor.Perceive":{"count":3010356,"self":289.8319616,"total":289.8319653,"children":null}}}}}}},"DecideAction":{"count":418101,"self":906.00704,"total":906.0070511,"children":null},"AgentAct":{"count":418101,"self":18.686096,"total":18.8467677,"children":{"AgentInfo.ToProto":{"count":1140,"self":0.0029925999999999998,"total":0.16067209999999998,"children":{"GenerateSensorData":{"count":1140,"self":0.0329444,"total":0.1576795,"children":{"RayPerceptionSensor.Perceive":{"count":1140,"self":0.12473509999999999,"total":0.12473509999999999,"children":null}}}}}}},"AgentInfo.ToProto":{"count":1110,"self":0.0089772,"total":0.1578202,"children":{"GenerateSensorData":{"count":1110,"self":0.0360538,"total":0.148843,"children":{"RayPerceptionSensor.Perceive":{"count":1110,"self":0.11278919999999999,"total":0.11278919999999999,"children":null}}}}}},"gauges":{"AgentBrain.CumulativeReward":{"count":2250,"max":2.765996,"min":-10.000411,"runningAverage":-5.737734,"value":-1.38286662,"weightedAverage":-2.994213}},"metadata":{"timer_format_version":"0.1.0","start_time_seconds":"1592499948","unity_version":"2019.3.11f1","command_line_arguments":"C:\\Program Files\\Unity\\Hub\\Editor\\2019.3.11f1\\Editor\\Unity.exe -projectpath C:\/Users\/joshu\/Documents\/FYPReinforcementLearning\/AgentEnvironment -useHub -hubIPC -cloudEnvironment production -hubSessionId b58800c0-acc7-11ea-bf31-e746023f8ac1 -accessToken UkABRKUWx5b0PQvtXZaLgp52-1stGZouR3as6CidMY8011f","communication_protocol_version":"1.0.0","com.unity.ml-agents_version":"1.0.0-preview","scene_name":"TargetFinder","end_time_seconds":"1592501770"}}{"count":1,"self":849.12532479999993,"total":3293.1221189999997,"children":{"AgentSendState":{"count":834667,"self":80.8311744,"total":775.1681725,"children":{"CollectObservations":{"count":6009624,"self":13.743971199999999,"total":13.7439714,"children":null},"CollectDiscreteActionMasks":{"count":6009624,"self":7.0289231999999995,"total":7.0289227999999992,"children":null},"AgentInfo.ToProto":{"count":6009624,"self":25.9399616,"total":673.5641061,"children":{"GenerateSensorData":{"count":6009624,"self":129.2580736,"total":647.6241447,"children":{"RayPerceptionSensor.Perceive":{"count":6009624,"self":518.36605439999994,"total":518.3660677,"children":null}}}}}}},"DecideAction":{"count":834667,"self":1638.1071359999999,"total":1638.1071584,"children":null},"AgentAct":{"count":834667,"self":30.188636799999998,"total":30.502647099999997,"children":{"AgentInfo.ToProto":{"count":2484,"self":0.0190613,"total":0.3140098,"children":{"GenerateSensorData":{"count":2484,"self":0.0629252,"total":0.2949485,"children":{"RayPerceptionSensor.Perceive":{"count":2484,"self":0.2320233,"total":0.2320233,"children":null}}}}}}},"AgentInfo.ToProto":{"count":1815,"self":0.0100162,"total":0.21779959999999998,"children":{"GenerateSensorData":{"count":1815,"self":0.0411425,"total":0.20778339999999998,"children":{"RayPerceptionSensor.Perceive":{"count":1815,"self":0.16664089999999998,"total":0.16664089999999998,"children":null}}}}}},"gauges":{"AgentBrain.CumulativeReward":{"count":4299,"max":2.86700058,"min":-10.000411,"runningAverage":-6.2143445,"value":0.96600014,"weightedAverage":-2.42094278}},"metadata":{"timer_format_version":"0.1.0","start_time_seconds":"1592511665","unity_version":"2019.3.11f1","command_line_arguments":"C:\\Program Files\\Unity\\Hub\\Editor\\2019.3.11f1\\Editor\\Unity.exe -projectpath C:\/Users\/joshu\/Documents\/FYPReinforcementLearning\/AgentEnvironment -useHub -hubIPC -cloudEnvironment production -hubSessionId b58800c0-acc7-11ea-bf31-e746023f8ac1 -accessToken UkABRKUWx5b0PQvtXZaLgp52-1stGZouR3as6CidMY8011f","communication_protocol_version":"1.0.0","com.unity.ml-agents_version":"1.0.0-preview","scene_name":"TargetFinder","end_time_seconds":"1592514958"}}