{"count":1,"self":775.0756352,"total":16073.6149183,"children":{"AgentSendState":{"count":834151,"self":125.69761279999999,"total":13768.2522527,"children":{"CollectObservations":{"count":6005916,"self":11053.8186752,"total":11053.818624399999,"children":null},"CollectDiscreteActionMasks":{"count":6005916,"self":8.4846232,"total":8.4846229,"children":null},"AgentInfo.ToProto":{"count":6005916,"self":43.0924736,"total":2580.2513884,"children":{"GenerateSensorData":{"count":6005916,"self":1985.7537023999998,"total":2537.1589137,"children":{"RayPerceptionSensor.Perceive":{"count":6005916,"self":551.4052608,"total":551.405267,"children":null}}}}}}},"DecideAction":{"count":834151,"self":1498.4698879999999,"total":1498.4699311,"children":null},"AgentAct":{"count":834151,"self":26.9169664,"total":27.5284646,"children":{"AgentInfo.ToProto":{"count":1326,"self":0.011083899999999999,"total":0.6114988,"children":{"GenerateSensorData":{"count":1326,"self":0.44069749999999996,"total":0.6004149,"children":{"RayPerceptionSensor.Perceive":{"count":1326,"self":0.15971739999999998,"total":0.15971739999999998,"children":null}}}}}}},"AgentInfo.ToProto":{"count":9039,"self":0.0911932,"total":4.2734653,"children":{"GenerateSensorData":{"count":9039,"self":3.315552,"total":4.1822721,"children":{"RayPerceptionSensor.Perceive":{"count":9039,"self":0.8667201,"total":0.8667201,"children":null}}}}}},"gauges":{"AgentBrain.CumulativeReward":{"count":10365,"max":4.800006,"min":-10.000411,"runningAverage":-1.41987419,"value":2.76704931,"weightedAverage":-0.192815363}},"metadata":{"timer_format_version":"0.1.0","start_time_seconds":"1594411713","unity_version":"2019.3.11f1","command_line_arguments":"C:\\Program Files\\Unity\\Hub\\Editor\\2019.3.11f1\\Editor\\Unity.exe -projectpath C:\/Users\/joshu\/Documents\/FYPReinforcementLearning\/AgentEnvironment -useHub -hubIPC -cloudEnvironment production -hubSessionId ea8ea3a0-c220-11ea-8b51-ffbfc8204a08 -accessToken 6Te_6qJOd-3x_Rj5i35uWxhcSBtP5bJSuvj4INq9YqM011f","communication_protocol_version":"1.0.0","com.unity.ml-agents_version":"1.0.0-preview","scene_name":"TargetFinder","end_time_seconds":"1594427778"}}