{"count":1,"self":849.12532479999993,"total":3293.1221189999997,"children":{"AgentSendState":{"count":834667,"self":80.8311744,"total":775.1681725,"children":{"CollectObservations":{"count":6009624,"self":13.743971199999999,"total":13.7439714,"children":null},"CollectDiscreteActionMasks":{"count":6009624,"self":7.0289231999999995,"total":7.0289227999999992,"children":null},"AgentInfo.ToProto":{"count":6009624,"self":25.9399616,"total":673.5641061,"children":{"GenerateSensorData":{"count":6009624,"self":129.2580736,"total":647.6241447,"children":{"RayPerceptionSensor.Perceive":{"count":6009624,"self":518.36605439999994,"total":518.3660677,"children":null}}}}}}},"DecideAction":{"count":834667,"self":1638.1071359999999,"total":1638.1071584,"children":null},"AgentAct":{"count":834667,"self":30.188636799999998,"total":30.502647099999997,"children":{"AgentInfo.ToProto":{"count":2484,"self":0.0190613,"total":0.3140098,"children":{"GenerateSensorData":{"count":2484,"self":0.0629252,"total":0.2949485,"children":{"RayPerceptionSensor.Perceive":{"count":2484,"self":0.2320233,"total":0.2320233,"children":null}}}}}}},"AgentInfo.ToProto":{"count":1815,"self":0.0100162,"total":0.21779959999999998,"children":{"GenerateSensorData":{"count":1815,"self":0.0411425,"total":0.20778339999999998,"children":{"RayPerceptionSensor.Perceive":{"count":1815,"self":0.16664089999999998,"total":0.16664089999999998,"children":null}}}}}},"gauges":{"AgentBrain.CumulativeReward":{"count":4299,"max":2.86700058,"min":-10.000411,"runningAverage":-6.2143445,"value":0.96600014,"weightedAverage":-2.42094278}},"metadata":{"timer_format_version":"0.1.0","start_time_seconds":"1592511665","unity_version":"2019.3.11f1","command_line_arguments":"C:\\Program Files\\Unity\\Hub\\Editor\\2019.3.11f1\\Editor\\Unity.exe -projectpath C:\/Users\/joshu\/Documents\/FYPReinforcementLearning\/AgentEnvironment -useHub -hubIPC -cloudEnvironment production -hubSessionId b58800c0-acc7-11ea-bf31-e746023f8ac1 -accessToken UkABRKUWx5b0PQvtXZaLgp52-1stGZouR3as6CidMY8011f","communication_protocol_version":"1.0.0","com.unity.ml-agents_version":"1.0.0-preview","scene_name":"TargetFinder","end_time_seconds":"1592514958"}}