{"count":1,"self":764.96255999999994,"total":7022.546541,"children":{"AgentSendState":{"count":468984,"self":79.962649599999992,"total":1588.817128,"children":{"CollectObservations":{"count":6003008,"self":122.12696319999999,"total":122.12696899999999,"children":null},"CollectDiscreteActionMasks":{"count":6003008,"self":6.555904,"total":6.555904,"children":null},"AgentInfo.ToProto":{"count":6003008,"self":25.5550928,"total":1380.1716079999999,"children":{"GenerateSensorData":{"count":6003008,"self":849.96997119999992,"total":1354.616515,"children":{"RayPerceptionSensor.Perceive":{"count":6003008,"self":504.6465536,"total":504.646531,"children":null}}}}}}},"DecideAction":{"count":468984,"self":4580.5506559999994,"total":4580.5508549999995,"children":null},"AgentAct":{"count":468984,"self":83.154559999999989,"total":83.308847,"children":{"AgentInfo.ToProto":{"count":564,"self":0.0034649999999999998,"total":0.15428899999999998,"children":{"GenerateSensorData":{"count":564,"self":0.09779199999999999,"total":0.15082399999999999,"children":{"RayPerceptionSensor.Perceive":{"count":564,"self":0.053031999999999996,"total":0.053031999999999996,"children":null}}}}}}},"AgentInfo.ToProto":{"count":18964,"self":0.129872,"total":4.9061949999999994,"children":{"GenerateSensorData":{"count":18964,"self":3.0213419999999998,"total":4.776323,"children":{"RayPerceptionSensor.Perceive":{"count":18964,"self":1.754981,"total":1.754981,"children":null}}}}}},"gauges":{"AgentBrain.CumulativeReward":{"count":19528,"max":203.834335,"min":-4.75101,"runningAverage":58.3045959,"value":127.386459,"weightedAverage":68.95085}},"metadata":{"timer_format_version":"0.1.0","start_time_seconds":"1596638006","unity_version":"2019.3.9f1","command_line_arguments":"\/home\/fyp\/Desktop\/2019.3.9f1\/Editor\/Unity -projectpath \/home\/fyp\/FYPReinforcementLearning\/AgentEnvironment -useHub -hubIPC -cloudEnvironment production -skipUpgradeDialogs -hubSessionId 04436640-d721-11ea-9f74-e99d51c3d7cc","communication_protocol_version":"1.0.0","com.unity.ml-agents_version":"1.0.0-preview","scene_name":"Training","end_time_seconds":"1596645028"}}