{"count":1,"self":718.7045376,"total":6894.7153659999994,"children":{"AgentSendState":{"count":469184,"self":93.2909504,"total":1722.7283791,"children":{"CollectObservations":{"count":6005568,"self":146.36232959999998,"total":146.3623314,"children":null},"CollectDiscreteActionMasks":{"count":6005568,"self":7.1152375999999995,"total":7.1152377,"children":null},"AgentInfo.ToProto":{"count":6005568,"self":29.102323199999997,"total":1475.9598623,"children":{"GenerateSensorData":{"count":6005568,"self":882.1715968,"total":1446.8575378,"children":{"RayPerceptionSensor.Perceive":{"count":6005568,"self":564.6859264,"total":564.685938,"children":null}}}}}}},"DecideAction":{"count":469184,"self":4396.6476287999994,"total":4396.6475734999995,"children":null},"AgentAct":{"count":469184,"self":51.8282272,"total":51.9962273,"children":{"AgentInfo.ToProto":{"count":608,"self":0.0019952,"total":0.16800089999999998,"children":{"GenerateSensorData":{"count":608,"self":0.1001451,"total":0.1660057,"children":{"RayPerceptionSensor.Perceive":{"count":608,"self":0.065860599999999991,"total":0.065860599999999991,"children":null}}}}}}},"AgentInfo.ToProto":{"count":16668,"self":0.1264903,"total":4.6376725,"children":{"GenerateSensorData":{"count":16668,"self":2.7508855999999997,"total":4.5111821999999995,"children":{"RayPerceptionSensor.Perceive":{"count":16668,"self":1.7602963999999999,"total":1.7602965,"children":null}}}}}},"gauges":{"AgentBrain.CumulativeReward":{"count":17276,"max":220.47966,"min":-4.5500164,"runningAverage":57.23291,"value":45.67461,"weightedAverage":54.64543}},"metadata":{"timer_format_version":"0.1.0","start_time_seconds":"1596589498","unity_version":"2019.3.11f1","command_line_arguments":"C:\\Program Files\\Unity\\Hub\\Editor\\2019.3.11f1\\Editor\\Unity.exe -projectpath C:\/Users\/joshu\/Documents\/FYPReinforcementLearning\/AgentEnvironment -useHub -hubIPC -cloudEnvironment production -hubSessionId 2604c410-d5a8-11ea-bb25-c33da62cf21e -accessToken dgO8U6TlKcN_ePzMEBw8EJTuNALbGwhH05MX-yc-ioE011f","communication_protocol_version":"1.0.0","com.unity.ml-agents_version":"1.0.0-preview","scene_name":"Training","end_time_seconds":"1596596392"}}