{"count":1,"self":655.1235584,"total":6010.2749616,"children":{"AgentSendState":{"count":469634,"self":98.1539968,"total":1487.2790906999999,"children":{"CollectObservations":{"count":6011328,"self":127.6577408,"total":127.657744,"children":null},"CollectDiscreteActionMasks":{"count":6011328,"self":7.5193103999999993,"total":7.5193103999999993,"children":null},"AgentInfo.ToProto":{"count":6011328,"self":30.4220448,"total":1253.9480426,"children":{"GenerateSensorData":{"count":6011328,"self":734.7066368,"total":1223.5259971,"children":{"RayPerceptionSensor.Perceive":{"count":6011328,"self":488.8193536,"total":488.81936129999997,"children":null}}}}}}},"DecideAction":{"count":469634,"self":3810.7918336,"total":3810.7919115,"children":null},"AgentAct":{"count":469634,"self":56.141683199999996,"total":56.5358911,"children":{"AgentInfo.ToProto":{"count":1864,"self":0.019918599999999998,"total":0.3942051,"children":{"GenerateSensorData":{"count":1864,"self":0.22601,"total":0.37428649999999997,"children":{"RayPerceptionSensor.Perceive":{"count":1864,"self":0.1482765,"total":0.1482765,"children":null}}}}}}},"AgentInfo.ToProto":{"count":2484,"self":0.017980299999999998,"total":0.5425184,"children":{"GenerateSensorData":{"count":2484,"self":0.3093081,"total":0.5245381,"children":{"RayPerceptionSensor.Perceive":{"count":2484,"self":0.21522999999999998,"total":0.21522999999999998,"children":null}}}}}},"gauges":{"AgentBrain.CumulativeReward":{"count":4348,"max":12.3045492,"min":-2638.27319,"runningAverage":-284.985962,"value":-25.0752,"weightedAverage":-62.5095825}},"metadata":{"timer_format_version":"0.1.0","start_time_seconds":"1596101139","unity_version":"2019.3.11f1","command_line_arguments":"C:\\Program Files\\Unity\\Hub\\Editor\\2019.3.11f1\\Editor\\Unity.exe -projectpath C:\/Users\/joshu\/Documents\/FYPReinforcementLearning\/AgentEnvironment -useHub -hubIPC -cloudEnvironment production -hubSessionId 57988030-cf8a-11ea-8c4c-91387d50765b -accessToken nQXN5KgZe857M6mKuoLqcEKHC-9QU0IqQSF1G-8D7gs011f","communication_protocol_version":"1.0.0","com.unity.ml-agents_version":"1.0.0-preview","scene_name":"Training","end_time_seconds":"1596107149"}}