{"count":1,"self":351.7180416,"total":5450.709527,"children":{"AgentSendState":{"count":223184,"self":44.7790944,"total":769.82951129999992,"children":{"CollectObservations":{"count":2856768,"self":57.9771584,"total":57.977155599999996,"children":null},"CollectDiscreteActionMasks":{"count":2856768,"self":3.4864208,"total":3.4864208999999997,"children":null},"AgentInfo.ToProto":{"count":2856768,"self":13.9208272,"total":663.5868416,"children":{"GenerateSensorData":{"count":2856768,"self":382.86581759999996,"total":649.66601489999994,"children":{"RayPerceptionSensor.Perceive":{"count":2856768,"self":266.80020479999996,"total":266.8002012,"children":null}}}}}}},"DecideAction":{"count":223184,"self":1811.6444159999999,"total":1811.6444789,"children":null},"AgentAct":{"count":223184,"self":2516.8508928,"total":2516.9934457,"children":{"AgentInfo.ToProto":{"count":540,"self":0.0039879,"total":0.1424813,"children":{"GenerateSensorData":{"count":540,"self":0.061285799999999994,"total":0.1384934,"children":{"RayPerceptionSensor.Perceive":{"count":540,"self":0.0772076,"total":0.0772076,"children":null}}}}}}},"AgentInfo.ToProto":{"count":2152,"self":0.020905999999999998,"total":0.5210563,"children":{"GenerateSensorData":{"count":2152,"self":0.2799658,"total":0.50015029999999994,"children":{"RayPerceptionSensor.Perceive":{"count":2152,"self":0.22018449999999998,"total":0.22018449999999998,"children":null}}}}}},"gauges":{"AgentBrain.CumulativeReward":{"count":2692,"max":13.3017082,"min":-7739.032,"runningAverage":-94.6149139,"value":-30.2409725,"weightedAverage":-35.59411}},"metadata":{"timer_format_version":"0.1.0","start_time_seconds":"1596044663","unity_version":"2019.3.11f1","command_line_arguments":"C:\\Program Files\\Unity\\Hub\\Editor\\2019.3.11f1\\Editor\\Unity.exe -projectpath C:\/Users\/joshu\/Documents\/FYPReinforcementLearning\/AgentEnvironment -useHub -hubIPC -cloudEnvironment production -hubSessionId 57988030-cf8a-11ea-8c4c-91387d50765b -accessToken jbHgEAqn-JIVi-TeoAM9I7Qw2BaLQGt-oIBFNcrs6tA011f","communication_protocol_version":"1.0.0","com.unity.ml-agents_version":"1.0.0-preview","scene_name":"Training","end_time_seconds":"1596050113"}}