{"count":1,"self":784.2898432,"total":21322.5028777,"children":{"AgentSendState":{"count":470017,"self":97.493075199999993,"total":4277.5445332,"children":{"CollectObservations":{"count":6016256,"self":337.7164544,"total":337.71644549999996,"children":null},"CollectDiscreteActionMasks":{"count":6016256,"self":7.3451711999999993,"total":7.3451708,"children":null},"AgentInfo.ToProto":{"count":6016256,"self":31.506713599999998,"total":3834.9898396999997,"children":{"GenerateSensorData":{"count":6016256,"self":3241.8203648,"total":3803.4831261,"children":{"RayPerceptionSensor.Perceive":{"count":6016256,"self":561.66271999999992,"total":561.6626951,"children":null}}}}}}},"DecideAction":{"count":470017,"self":16197.640191999999,"total":16197.640034099999,"children":null},"AgentAct":{"count":470017,"self":60.954028799999996,"total":62.791737499999996,"children":{"AgentInfo.ToProto":{"count":2748,"self":0.0180611,"total":1.8377063999999999,"children":{"GenerateSensorData":{"count":2748,"self":1.4988218,"total":1.8196453,"children":{"RayPerceptionSensor.Perceive":{"count":2748,"self":0.3208235,"total":0.3208235,"children":null}}}}}}},"AgentInfo.ToProto":{"count":368,"self":0.0089751,"total":0.2357484,"children":{"GenerateSensorData":{"count":368,"self":0.1788725,"total":0.22677329999999998,"children":{"RayPerceptionSensor.Perceive":{"count":368,"self":0.0479008,"total":0.0479008,"children":null}}}}}},"gauges":{"AgentBrain.CumulativeReward":{"count":3116,"max":15.8957548,"min":-1874.47583,"runningAverage":-474.684235,"value":-334.4636,"weightedAverage":-361.0742}},"metadata":{"timer_format_version":"0.1.0","start_time_seconds":"1596054037","unity_version":"2019.3.11f1","command_line_arguments":"C:\\Program Files\\Unity\\Hub\\Editor\\2019.3.11f1\\Editor\\Unity.exe -projectpath C:\/Users\/joshu\/Documents\/FYPReinforcementLearning\/AgentEnvironment -useHub -hubIPC -cloudEnvironment production -hubSessionId 57988030-cf8a-11ea-8c4c-91387d50765b -accessToken rU-e7vDDARKof7uuGgxgR3R-XIbNSpyq_lbq4Yb9nmk011f","communication_protocol_version":"1.0.0","com.unity.ml-agents_version":"1.0.0-preview","scene_name":"Training","end_time_seconds":"1596075360"}}