{"count":1,"self":666.112256,"total":4159.187183,"children":{"AgentSendState":{"count":468984,"self":80.4146688,"total":1457.2337049999999,"children":{"CollectObservations":{"count":6003008,"self":297.62744319999996,"total":297.62744399999997,"children":null},"CollectDiscreteActionMasks":{"count":6003008,"self":6.6118191999999993,"total":6.611819,"children":null},"AgentInfo.ToProto":{"count":6003008,"self":24.3949504,"total":1072.579773,"children":{"GenerateSensorData":{"count":6003008,"self":275.1237888,"total":1048.184822,"children":{"RayPerceptionSensor.Perceive":{"count":6003008,"self":773.0610176,"total":773.061028,"children":null}}}}}}},"DecideAction":{"count":468984,"self":2006.6822144,"total":2006.682137,"children":null},"AgentAct":{"count":468984,"self":27.249187199999998,"total":27.571195,"children":{"AgentInfo.ToProto":{"count":1640,"self":0.0097469999999999987,"total":0.322009,"children":{"GenerateSensorData":{"count":1640,"self":0.085317999999999991,"total":0.312262,"children":{"RayPerceptionSensor.Perceive":{"count":1640,"self":0.22694399999999998,"total":0.22694399999999998,"children":null}}}}}}},"AgentInfo.ToProto":{"count":8064,"self":0.050795,"total":1.587057,"children":{"GenerateSensorData":{"count":8064,"self":0.385538,"total":1.536262,"children":{"RayPerceptionSensor.Perceive":{"count":8064,"self":1.1507239999999999,"total":1.1507239999999999,"children":null}}}}}},"gauges":{"AgentBrain.CumulativeReward":{"count":9704,"max":8.30786,"min":-5.00020552,"runningAverage":0.7896506,"value":0.641501665,"weightedAverage":1.9178257}},"metadata":{"timer_format_version":"0.1.0","start_time_seconds":"1596085257","unity_version":"2019.3.9f1","command_line_arguments":"\/home\/fyp\/Desktop\/2019.3.9f1\/Editor\/Unity -projectpath \/home\/fyp\/FYPReinforcementLearning\/AgentEnvironment -useHub -hubIPC -cloudEnvironment production -skipUpgradeDialogs -hubSessionId 37cddbe0-d20c-11ea-9db7-5b9e2e097f07","communication_protocol_version":"1.0.0","com.unity.ml-agents_version":"1.0.0-preview","scene_name":"Training","end_time_seconds":"1596089416"}}