{"count":1,"self":1186.4050688,"total":6884.870269,"children":{"AgentSendState":{"count":468951,"self":76.8499264,"total":1504.7603279999998,"children":{"CollectObservations":{"count":6002624,"self":106.9559616,"total":106.95595999999999,"children":null},"CollectDiscreteActionMasks":{"count":6002624,"self":6.5848699999999996,"total":6.5848699999999996,"children":null},"AgentInfo.ToProto":{"count":6002624,"self":23.710086399999998,"total":1314.369571,"children":{"GenerateSensorData":{"count":6002624,"self":783.466496,"total":1290.659485,"children":{"RayPerceptionSensor.Perceive":{"count":6002624,"self":507.1929856,"total":507.193003,"children":null}}}}}}},"DecideAction":{"count":468951,"self":4149.5031807999994,"total":4149.503063,"children":null},"AgentAct":{"count":468951,"self":37.387856,"total":37.465824,"children":{"AgentInfo.ToProto":{"count":324,"self":0.0019649999999999997,"total":0.077969,"children":{"GenerateSensorData":{"count":324,"self":0.045368,"total":0.076004,"children":{"RayPerceptionSensor.Perceive":{"count":324,"self":0.030636,"total":0.030636,"children":null}}}}}}},"AgentInfo.ToProto":{"count":27780,"self":0.17840999999999999,"total":6.735128,"children":{"GenerateSensorData":{"count":27780,"self":3.9540048,"total":6.556718,"children":{"RayPerceptionSensor.Perceive":{"count":27780,"self":2.602713,"total":2.602713,"children":null}}}}}},"gauges":{"AgentBrain.CumulativeReward":{"count":28104,"max":230.858215,"min":-4.38896036,"runningAverage":59.6044044,"value":95.522934,"weightedAverage":64.62954}},"metadata":{"timer_format_version":"0.1.0","start_time_seconds":"1596205094","unity_version":"2019.3.9f1","command_line_arguments":"\/home\/fyp\/Desktop\/2019.3.9f1\/Editor\/Unity -projectpath \/home\/fyp\/FYPReinforcementLearning\/AgentEnvironment -useHub -hubIPC -cloudEnvironment production -hubSessionId 5cf26210-d329-11ea-937a-f9df88968d18","communication_protocol_version":"1.0.0","com.unity.ml-agents_version":"1.0.0-preview","scene_name":"Training","end_time_seconds":"1596211979"}}