{
    "name": "root",
    "gauges": {
        "AwareTarget2_AgentBrain.Policy.Entropy.mean": {
            "value": 1.4071698188781738,
            "min": 1.2105038166046143,
            "max": 4.499608039855957,
            "count": 600
        },
        "AwareTarget2_AgentBrain.Policy.ExtrinsicValueEstimate.mean": {
            "value": -0.5985544919967651,
            "min": -3.919490337371826,
            "max": 0.06765978038311005,
            "count": 600
        },
        "AwareTarget2_AgentBrain.IsTraining.mean": {
            "value": 1.0,
            "min": 1.0,
            "max": 1.0,
            "count": 600
        },
        "AwareTarget2_AgentBrain.Losses.ValueLoss.mean": {
            "value": 0.32729867100715637,
            "min": 0.008810436353087425,
            "max": 1.783873438835144,
            "count": 556
        },
        "AwareTarget2_AgentBrain.Losses.PolicyLoss.mean": {
            "value": 0.025348592549562454,
            "min": 0.012673024088144302,
            "max": 0.03635229170322418,
            "count": 556
        },
        "AwareTarget2_AgentBrain.Policy.LearningRate.mean": {
            "value": 3.507003611957771e-07,
            "min": 3.507003611957771e-07,
            "max": 0.0002994624082930386,
            "count": 556
        },
        "AwareTarget2_AgentBrain.Environment.EpisodeLength.mean": {
            "value": 182.0,
            "min": 139.55555555555554,
            "max": 1999.0,
            "count": 571
        },
        "AwareTarget2_AgentBrain.Environment.CumulativeReward.mean": {
            "value": 0.8253636136133637,
            "min": -80.97707648575306,
            "max": 1.4253674633800983,
            "count": 569
        },
        "AwareTarget2_AgentBrain.Policy.ExtrinsicReward.mean": {
            "value": 0.8253636136133637,
            "min": -80.97707648575306,
            "max": 1.4253674633800983,
            "count": 569
        }
    },
    "metadata": {
        "timer_format_version": "0.1.0",
        "start_time_seconds": "1596109920",
        "python_version": "3.6.9 (default, Jul 17 2020, 12:50:27) \n[GCC 8.4.0]",
        "command_line_arguments": "/home/fyp/.local/bin/mlagents-learn config/trainer_config.yaml --run-id=AwareTarget2 --force",
        "mlagents_version": "0.16.0",
        "mlagents_envs_version": "0.16.0",
        "communication_protocol_version": "1.0.0",
        "tensorflow_version": "1.14.0",
        "end_time_seconds": "1596116145"
    },
    "total": 6225.3265884799985,
    "count": 1,
    "self": 0.005241277000095579,
    "children": {
        "run_training.setup": {
            "total": 0.013083407999147312,
            "count": 1,
            "self": 0.013083407999147312
        },
        "TrainerController.start_learning": {
            "total": 6225.308263794999,
            "count": 1,
            "self": 47.736331779649845,
            "children": {
                "TrainerController._reset_env": {
                    "total": 3.6465883210003085,
                    "count": 1,
                    "self": 3.6465883210003085
                },
                "TrainerController.advance": {
                    "total": 6173.615842367348,
                    "count": 97582,
                    "self": 1.0528622991678276,
                    "children": {
                        "env_step": {
                            "total": 6172.56298006818,
                            "count": 97582,
                            "self": 6032.174801600462,
                            "children": {
                                "SubprocessEnvManager._take_step": {
                                    "total": 139.24079620620796,
                                    "count": 97582,
                                    "self": 4.611560834531701,
                                    "children": {
                                        "NNPolicy.evaluate": {
                                            "total": 134.62923537167626,
                                            "count": 93797,
                                            "self": 134.62923537167626
                                        }
                                    }
                                },
                                "workers": {
                                    "total": 1.147382261509847,
                                    "count": 97582,
                                    "self": 0.0,
                                    "children": {
                                        "worker_root": {
                                            "total": 6220.453489387068,
                                            "count": 97582,
                                            "is_parallel": true,
                                            "self": 1023.2762766642609,
                                            "children": {
                                                "run_training.setup": {
                                                    "total": 0.0,
                                                    "count": 0,
                                                    "is_parallel": true,
                                                    "self": 0.0,
                                                    "children": {
                                                        "steps_from_proto": {
                                                            "total": 0.014109195000855834,
                                                            "count": 1,
                                                            "is_parallel": true,
                                                            "self": 0.0003261680012656143,
                                                            "children": {
                                                                "_process_vector_observation": {
                                                                    "total": 0.01378302699959022,
                                                                    "count": 4,
                                                                    "is_parallel": true,
                                                                    "self": 0.01378302699959022
                                                                }
                                                            }
                                                        },
                                                        "UnityEnvironment.step": {
                                                            "total": 0.08047149099911621,
                                                            "count": 1,
                                                            "is_parallel": true,
                                                            "self": 0.0021791220005979994,
                                                            "children": {
                                                                "UnityEnvironment._generate_step_input": {
                                                                    "total": 0.00032744199961598497,
                                                                    "count": 1,
                                                                    "is_parallel": true,
                                                                    "self": 0.00032744199961598497
                                                                },
                                                                "communicator.exchange": {
                                                                    "total": 0.0637548369995784,
                                                                    "count": 1,
                                                                    "is_parallel": true,
                                                                    "self": 0.0637548369995784
                                                                },