{
    "name": "root",
    "gauges": {
        "AwareTarget_AgentBrain.Policy.Entropy.mean": {
            "value": 2.6450250148773193,
            "min": 2.6019811630249023,
            "max": 4.499714374542236,
            "count": 123
        },
        "AwareTarget_AgentBrain.Policy.ExtrinsicValueEstimate.mean": {
            "value": -2.7730162143707275,
            "min": -3.84497332572937,
            "max": -0.045368392020463943,
            "count": 123
        },
        "AwareTarget_AgentBrain.IsTraining.mean": {
            "value": 1.0,
            "min": 1.0,
            "max": 1.0,
            "count": 123
        },
        "AwareTarget_AgentBrain.Losses.ValueLoss.mean": {
            "value": 0.1731211096048355,
            "min": 0.01583397202193737,
            "max": 0.31201010942459106,
            "count": 113
        },
        "AwareTarget_AgentBrain.Losses.PolicyLoss.mean": {
            "value": 0.029321441426873207,
            "min": 0.016097962856292725,
            "max": 0.03216085210442543,
            "count": 113
        },
        "AwareTarget_AgentBrain.Policy.LearningRate.mean": {
            "value": 0.00023884385882411152,
            "min": 0.00023884385882411152,
            "max": 0.0002994624082930386,
            "count": 113
        },
        "AwareTarget_AgentBrain.Environment.EpisodeLength.mean": {
            "value": 1678.0,
            "min": 166.0,
            "max": 1999.0,
            "count": 92
        },
        "AwareTarget_AgentBrain.Environment.CumulativeReward.mean": {
            "value": -34.06058318167925,
            "min": -71.20281006599015,
            "max": 0.6075408011674881,
            "count": 91
        },
        "AwareTarget_AgentBrain.Policy.ExtrinsicReward.mean": {
            "value": -34.06058318167925,
            "min": -71.20281006599015,
            "max": 0.6075408011674881,
            "count": 91
        }
    },
    "metadata": {
        "timer_format_version": "0.1.0",
        "start_time_seconds": "1596102572",
        "python_version": "3.6.9 (default, Jul 17 2020, 12:50:27) \n[GCC 8.4.0]",
        "command_line_arguments": "/home/fyp/.local/bin/mlagents-learn config/trainer_config.yaml --run-id=AwareTarget --force",
        "mlagents_version": "0.16.0",
        "mlagents_envs_version": "0.16.0",
        "communication_protocol_version": "1.0.0",
        "tensorflow_version": "1.14.0",
        "end_time_seconds": "1596103763"
    },
    "total": 1190.6472870279995,
    "count": 1,
    "self": 0.0003633460000855848,
    "children": {
        "run_training.setup": {
            "total": 0.012830548999772873,
            "count": 1,
            "self": 0.012830548999772873
        },
        "TrainerController.start_learning": {
            "total": 1190.6340931329996,
            "count": 1,
            "self": 10.876822443988203,
            "children": {
                "TrainerController._reset_env": {
                    "total": 2.8305158749999464,
                    "count": 1,
                    "self": 2.8305158749999464
                },
                "TrainerController.advance": {
                    "total": 1176.7582256900114,
                    "count": 19466,
                    "self": 0.20487294007580203,
                    "children": {
                        "env_step": {
                            "total": 1176.5533527499356,
                            "count": 19466,
                            "self": 1148.1145224019392,
                            "children": {
                                "SubprocessEnvManager._take_step": {
                                    "total": 28.21147532604573,
                                    "count": 19466,
                                    "self": 0.9481746680858123,
                                    "children": {
                                        "NNPolicy.evaluate": {
                                            "total": 27.263300657959917,
                                            "count": 19262,
                                            "self": 27.263300657959917
                                        }
                                    }
                                },
                                "workers": {
                                    "total": 0.22735502195064328,
                                    "count": 19465,
                                    "self": 0.0,
                                    "children": {
                                        "worker_root": {
                                            "total": 1189.3592531009408,
                                            "count": 19465,
                                            "is_parallel": true,
                                            "self": 215.52835887097444,
                                            "children": {
                                                "run_training.setup": {
                                                    "total": 0.0,
                                                    "count": 0,
                                                    "is_parallel": true,
                                                    "self": 0.0,
                                                    "children": {
                                                        "steps_from_proto": {
                                                            "total": 0.013919863999944937,
                                                            "count": 1,
                                                            "is_parallel": true,
                                                            "self": 0.0003188959990438889,
                                                            "children": {
                                                                "_process_vector_observation": {
                                                                    "total": 0.013600968000901048,
                                                                    "count": 4,
                                                                    "is_parallel": true,
                                                                    "self": 0.013600968000901048
                                                                }
                                                            }
                                                        },
                                                        "UnityEnvironment.step": {
                                                            "total": 0.06752808900000673,
                                                            "count": 1,
                                                            "is_parallel": true,
                                                            "self": 0.0021292150013323408,
                                                            "children": {
                                                                "UnityEnvironment._generate_step_input": {
                                                                    "total": 0.00030814699948678026,
                                                                    "count": 1,
                                                                    "is_parallel": true,
                                                                    "self": 0.00030814699948678026
                                                                },
                                                                "communicator.exchange": {
                                                                    "total": 0.051293724999595725,
                                                                    "count": 1,
                                                                    "is_parallel": true,
                                                                    "self": 0.051293724999595725
                                                                },