{
    "name": "root",
    "gauges": {
        "CombinedTraining_AgentBrain.Policy.Entropy.mean": {
            "value": 2.231027126312256,
            "min": 1.9448422193527222,
            "max": 4.499597072601318,
            "count": 437
        },
        "CombinedTraining_AgentBrain.Policy.ExtrinsicValueEstimate.mean": {
            "value": 9.803956985473633,
            "min": -0.13186298310756683,
            "max": 12.931544303894043,
            "count": 437
        },
        "CombinedTraining_AgentBrain.IsTraining.mean": {
            "value": 1.0,
            "min": 1.0,
            "max": 1.0,
            "count": 437
        },
        "CombinedTraining_AgentBrain.Losses.ValueLoss.mean": {
            "value": 33.952598571777344,
            "min": 0.16281338036060333,
            "max": 55.48456573486328,
            "count": 405
        },
        "CombinedTraining_AgentBrain.Losses.PolicyLoss.mean": {
            "value": 0.025249456986784935,
            "min": 0.015686508268117905,
            "max": 0.03352737799286842,
            "count": 405
        },
        "CombinedTraining_AgentBrain.Policy.LearningRate.mean": {
            "value": 8.15710736787878e-05,
            "min": 8.15710736787878e-05,
            "max": 0.0002994624082930386,
            "count": 405
        },
        "CombinedTraining_AgentBrain.Environment.EpisodeLength.mean": {
            "value": 167.27272727272728,
            "min": 99.83673469387755,
            "max": 1999.0,
            "count": 413
        },
        "CombinedTraining_AgentBrain.Environment.CumulativeReward.mean": {
            "value": 59.4051494083189,
            "min": 13.555895471014082,
            "max": 62.21583509273413,
            "count": 413
        },
        "CombinedTraining_AgentBrain.Policy.ExtrinsicReward.mean": {
            "value": 59.4051494083189,
            "min": 13.555895471014082,
            "max": 62.21583509273413,
            "count": 413
        }
    },
    "metadata": {
        "timer_format_version": "0.1.0",
        "start_time_seconds": "1596199013",
        "python_version": "3.6.9 (default, Jul 17 2020, 12:50:27) \n[GCC 8.4.0]",
        "command_line_arguments": "/home/fyp/.local/bin/mlagents-learn config/trainer_config.yaml --run-id=CombinedTraining",
        "mlagents_version": "0.16.0",
        "mlagents_envs_version": "0.16.0",
        "communication_protocol_version": "1.0.0",
        "tensorflow_version": "1.14.0",
        "end_time_seconds": "1596205010"
    },
    "total": 5997.085979143,
    "count": 1,
    "self": 0.0008101930006887414,
    "children": {
        "run_training.setup": {
            "total": 0.01588748000006035,
            "count": 1,
            "self": 0.01588748000006035
        },
        "TrainerController.start_learning": {
            "total": 5997.06928147,
            "count": 1,
            "self": 35.3355368138873,
            "children": {
                "TrainerController._reset_env": {
                    "total": 3.8361400579999554,
                    "count": 1,
                    "self": 3.8361400579999554
                },
                "TrainerController.advance": {
                    "total": 5957.575860663112,
                    "count": 71927,
                    "self": 0.8331928600873653,
                    "children": {
                        "env_step": {
                            "total": 5956.742667803024,
                            "count": 71927,
                            "self": 5855.602679404029,
                            "children": {
                                "SubprocessEnvManager._take_step": {
                                    "total": 100.28916505593281,
                                    "count": 71927,
                                    "self": 3.412893399925565,
                                    "children": {
                                        "NNPolicy.evaluate": {
                                            "total": 96.87627165600725,
                                            "count": 68443,
                                            "self": 96.87627165600725
                                        }
                                    }
                                },
                                "workers": {
                                    "total": 0.8508233430626433,
                                    "count": 71926,
                                    "self": 0.0,
                                    "children": {
                                        "worker_root": {
                                            "total": 5993.3111802629455,
                                            "count": 71926,
                                            "is_parallel": true,
                                            "self": 751.0888177640027,
                                            "children": {
                                                "run_training.setup": {
                                                    "total": 0.0,
                                                    "count": 0,
                                                    "is_parallel": true,
                                                    "self": 0.0,
                                                    "children": {
                                                        "steps_from_proto": {
                                                            "total": 0.0145747520000441,
                                                            "count": 1,
                                                            "is_parallel": true,
                                                            "self": 0.0007038890000785614,
                                                            "children": {
                                                                "_process_vector_observation": {
                                                                    "total": 0.013870862999965539,
                                                                    "count": 4,
                                                                    "is_parallel": true,
                                                                    "self": 0.013870862999965539
                                                                }
                                                            }
                                                        },
                                                        "UnityEnvironment.step": {
                                                            "total": 0.09336817999997038,
                                                            "count": 1,
                                                            "is_parallel": true,
                                                            "self": 0.002127689999838367,
                                                            "children": {
                                                                "UnityEnvironment._generate_step_input": {
                                                                    "total": 0.00033368100002917345,
                                                                    "count": 1,
                                                                    "is_parallel": true,
                                                                    "self": 0.00033368100002917345
                                                                },
                                                                "communicator.exchange": {
                                                                    "total": 0.07722146700007215,
                                                                    "count": 1,
                                                                    "is_parallel": true,
                                                                    "self": 0.07722146700007215
                                                                },