{
    "name": "root",
    "gauges": {
        "CombinedTraining2_AgentBrain.Policy.Entropy.mean": {
            "value": 1.9159770011901855,
            "min": 1.6526951789855957,
            "max": 4.4996137619018555,
            "count": 600
        },
        "CombinedTraining2_AgentBrain.Policy.ExtrinsicValueEstimate.mean": {
            "value": 14.212026596069336,
            "min": -0.192312091588974,
            "max": 15.633583068847656,
            "count": 600
        },
        "CombinedTraining2_AgentBrain.IsTraining.mean": {
            "value": 1.0,
            "min": 1.0,
            "max": 1.0,
            "count": 600
        },
        "CombinedTraining2_AgentBrain.Losses.ValueLoss.mean": {
            "value": 56.369144439697266,
            "min": 0.16665342450141907,
            "max": 62.49234390258789,
            "count": 557
        },
        "CombinedTraining2_AgentBrain.Losses.PolicyLoss.mean": {
            "value": 0.02344006858766079,
            "min": 0.015304121188819408,
            "max": 0.03438987955451012,
            "count": 557
        },
        "CombinedTraining2_AgentBrain.Policy.LearningRate.mean": {
            "value": 7.829530090930348e-08,
            "min": 7.829530090930348e-08,
            "max": 0.0002994624082930386,
            "count": 557
        },
        "CombinedTraining2_AgentBrain.Environment.EpisodeLength.mean": {
            "value": 111.6470588235294,
            "min": 100.26086956521739,
            "max": 1999.0,
            "count": 572
        },
        "CombinedTraining2_AgentBrain.Environment.CumulativeReward.mean": {
            "value": 60.27599400268409,
            "min": 14.271180646072754,
            "max": 62.23443917169546,
            "count": 571
        },
        "CombinedTraining2_AgentBrain.Policy.ExtrinsicReward.mean": {
            "value": 60.27599400268409,
            "min": 14.271180646072754,
            "max": 62.23443917169546,
            "count": 571
        }
    },
    "metadata": {
        "timer_format_version": "0.1.0",
        "start_time_seconds": "1596205084",
        "python_version": "3.6.9 (default, Jul 17 2020, 12:50:27) \n[GCC 8.4.0]",
        "command_line_arguments": "/home/fyp/.local/bin/mlagents-learn config/trainer_config.yaml --run-id=CombinedTraining2",
        "mlagents_version": "0.16.0",
        "mlagents_envs_version": "0.16.0",
        "communication_protocol_version": "1.0.0",
        "tensorflow_version": "1.14.0",
        "end_time_seconds": "1596211979"
    },
    "total": 6894.984017459001,
    "count": 1,
    "self": 0.00819694500114565,
    "children": {
        "run_training.setup": {
            "total": 0.014429161999942153,
            "count": 1,
            "self": 0.014429161999942153
        },
        "TrainerController.start_learning": {
            "total": 6894.961391352,
            "count": 1,
            "self": 49.72407173935244,
            "children": {
                "TrainerController._reset_env": {
                    "total": 10.616392305999398,
                    "count": 1,
                    "self": 10.616392305999398
                },
                "TrainerController.advance": {
                    "total": 6834.233588330649,
                    "count": 99885,
                    "self": 1.1510127116280273,
                    "children": {
                        "env_step": {
                            "total": 6833.082575619021,
                            "count": 99885,
                            "self": 6691.147385837739,
                            "children": {
                                "SubprocessEnvManager._take_step": {
                                    "total": 140.7765197763556,
                                    "count": 99885,
                                    "self": 4.78610390812446,
                                    "children": {
                                        "NNPolicy.evaluate": {
                                            "total": 135.99041586823114,
                                            "count": 93790,
                                            "self": 135.99041586823114
                                        }
                                    }
                                },
                                "workers": {
                                    "total": 1.158670004925625,
                                    "count": 99885,
                                    "self": 0.0,
                                    "children": {
                                        "worker_root": {
                                            "total": 6889.971057851168,
                                            "count": 99885,
                                            "is_parallel": true,
                                            "self": 1051.9681654877377,
                                            "children": {
                                                "run_training.setup": {
                                                    "total": 0.0,
                                                    "count": 0,
                                                    "is_parallel": true,
                                                    "self": 0.0,
                                                    "children": {
                                                        "steps_from_proto": {
                                                            "total": 0.015025777000118978,
                                                            "count": 1,
                                                            "is_parallel": true,
                                                            "self": 0.00031089599997358164,
                                                            "children": {
                                                                "_process_vector_observation": {
                                                                    "total": 0.014714881000145397,
                                                                    "count": 4,
                                                                    "is_parallel": true,
                                                                    "self": 0.014714881000145397
                                                                }
                                                            }
                                                        },
                                                        "UnityEnvironment.step": {
                                                            "total": 0.078089194000313,
                                                            "count": 1,
                                                            "is_parallel": true,
                                                            "self": 0.00229975500042201,
                                                            "children": {
                                                                "UnityEnvironment._generate_step_input": {
                                                                    "total": 0.0003364630001669866,
                                                                    "count": 1,
                                                                    "is_parallel": true,
                                                                    "self": 0.0003364630001669866
                                                                },
                                                                "communicator.exchange": {
                                                                    "total": 0.06055063100029656,
                                                                    "count": 1,
                                                                    "is_parallel": true,