{
    "name": "root",
    "gauges": {
        "increasedRewardAndDistance_AgentBrain.Policy.Entropy.mean": {
            "value": 1.342544436454773,
            "min": 1.3424930572509766,
            "max": 1.429835557937622,
            "count": 300
        },
        "increasedRewardAndDistance_AgentBrain.Policy.ExtrinsicValueEstimate.mean": {
            "value": 0.056002598255872726,
            "min": -0.20103804767131805,
            "max": 0.3287213146686554,
            "count": 300
        },
        "increasedRewardAndDistance_AgentBrain.IsTraining.mean": {
            "value": 1.0,
            "min": 1.0,
            "max": 1.0,
            "count": 300
        },
        "increasedRewardAndDistance_AgentBrain.Losses.ValueLoss.mean": {
            "value": 0.054125454276800156,
            "min": 0.002394043607637286,
            "max": 0.11714630573987961,
            "count": 278
        },
        "increasedRewardAndDistance_AgentBrain.Losses.PolicyLoss.mean": {
            "value": 0.02659354731440544,
            "min": 0.01486251037567854,
            "max": 0.0375673845410347,
            "count": 278
        },
        "increasedRewardAndDistance_AgentBrain.Policy.LearningRate.mean": {
            "value": 1.8009406232977199e-07,
            "min": 1.8009406232977199e-07,
            "max": 0.0002989248023368418,
            "count": 278
        },
        "increasedRewardAndDistance_AgentBrain.Environment.EpisodeLength.mean": {
            "value": 220.33333333333334,
            "min": 102.71428571428571,
            "max": 1999.0,
            "count": 254
        },
        "increasedRewardAndDistance_AgentBrain.Environment.CumulativeReward.mean": {
            "value": 2.667130339238793,
            "min": -3.379150364547968,
            "max": 3.121467210352421,
            "count": 252
        },
        "increasedRewardAndDistance_AgentBrain.Policy.ExtrinsicReward.mean": {
            "value": 2.667130339238793,
            "min": -3.379150364547968,
            "max": 3.121467210352421,
            "count": 252
        }
    },
    "metadata": {
        "timer_format_version": "0.1.0",
        "start_time_seconds": "1595831884",
        "python_version": "3.6.9 (default, Apr 18 2020, 01:56:04) \n[GCC 8.4.0]",
        "command_line_arguments": "/home/fyp/.local/bin/mlagents-learn config/trainer_config.yaml --run-id=increasedRewardAndDistance",
        "mlagents_version": "0.16.0",
        "mlagents_envs_version": "0.16.0",
        "communication_protocol_version": "1.0.0",
        "tensorflow_version": "1.14.0",
        "end_time_seconds": "1595834260"
    },
    "total": 2375.232480171,
    "count": 1,
    "self": 0.004896573000223725,
    "children": {
        "run_training.setup": {
            "total": 0.012837704998673871,
            "count": 1,
            "self": 0.012837704998673871
        },
        "TrainerController.start_learning": {
            "total": 2375.2147458930012,
            "count": 1,
            "self": 24.341583958832416,
            "children": {
                "TrainerController._reset_env": {
                    "total": 7.585780209999939,
                    "count": 1,
                    "self": 7.585780209999939
                },
                "TrainerController.advance": {
                    "total": 2343.1809301831727,
                    "count": 48342,
                    "self": 0.5040556921740063,
                    "children": {
                        "env_step": {
                            "total": 2342.6768744909987,
                            "count": 48342,
                            "self": 2273.750474252869,
                            "children": {
                                "SubprocessEnvManager._take_step": {
                                    "total": 68.39990749006029,
                                    "count": 48342,
                                    "self": 2.2020405223665875,
                                    "children": {
                                        "NNPolicy.evaluate": {
                                            "total": 66.1978669676937,
                                            "count": 46924,
                                            "self": 66.1978669676937
                                        }
                                    }
                                },
                                "workers": {
                                    "total": 0.5264927480693586,
                                    "count": 48342,
                                    "self": 0.0,
                                    "children": {
                                        "worker_root": {
                                            "total": 2372.742125885976,
                                            "count": 48342,
                                            "is_parallel": true,
                                            "self": 444.44570294323967,
                                            "children": {
                                                "run_training.setup": {
                                                    "total": 0.0,
                                                    "count": 0,
                                                    "is_parallel": true,
                                                    "self": 0.0,
                                                    "children": {
                                                        "steps_from_proto": {
                                                            "total": 0.007641140999112395,
                                                            "count": 1,
                                                            "is_parallel": true,
                                                            "self": 0.00014458599798672367,
                                                            "children": {
                                                                "_process_vector_observation": {
                                                                    "total": 0.007496555001125671,
                                                                    "count": 4,
                                                                    "is_parallel": true,
                                                                    "self": 0.007496555001125671
                                                                }
                                                            }
                                                        },
                                                        "UnityEnvironment.step": {
                                                            "total": 0.057782393998422776,
                                                            "count": 1,
                                                            "is_parallel": true,
                                                            "self": 0.0011821130010503111,
                                                            "children": {
                                                                "UnityEnvironment._generate_step_input": {
                                                                    "total": 0.0003024889992957469,
                                                                    "count": 1,
                                                                    "is_parallel": true,
                                                                    "self": 0.0003024889992957469
                                                                },
                                                                "communicator.exchange": {
                                                                    "total": 0.048990531999152154,
                                                                    "count": 1,
                                                                    "is_parallel": true,