{
    "name": "root",
    "metadata": {
        "timer_format_version": "0.1.0",
        "start_time_seconds": "1596005671",
        "python_version": "3.6.9 (default, Jul 17 2020, 12:50:27) \n[GCC 8.4.0]",
        "command_line_arguments": "/home/fyp/.local/bin/mlagents-learn config/trainer_config.yaml --run-id=ModifiedMovement5",
        "mlagents_version": "0.16.0",
        "mlagents_envs_version": "0.16.0",
        "communication_protocol_version": "1.0.0",
        "tensorflow_version": "1.14.0",
        "end_time_seconds": "1596006078"
    },
    "total": 407.78470198599825,
    "count": 1,
    "self": 0.00031288800164475106,
    "children": {
        "run_training.setup": {
            "total": 0.01229575199977262,
            "count": 1,
            "self": 0.01229575199977262
        },
        "TrainerController.start_learning": {
            "total": 407.77209334599684,
            "count": 1,
            "self": 3.746859658123867,
            "children": {
                "TrainerController._reset_env": {
                    "total": 11.542152998001256,
                    "count": 1,
                    "self": 11.542152998001256
                },
                "TrainerController.advance": {
                    "total": 392.4830806898717,
                    "count": 4968,
                    "self": 0.05246118078139261,
                    "children": {
                        "env_step": {
                            "total": 392.4306195090903,
                            "count": 4968,
                            "self": 385.530458905032,
                            "children": {
                                "SubprocessEnvManager._take_step": {
                                    "total": 6.842377945089538,
                                    "count": 4968,
                                    "self": 0.23715368611738086,
                                    "children": {
                                        "NNPolicy.evaluate": {
                                            "total": 6.605224258972157,
                                            "count": 4964,
                                            "self": 6.605224258972157
                                        }
                                    }
                                },
                                "workers": {
                                    "total": 0.0577826589687902,
                                    "count": 4967,
                                    "self": 0.0,
                                    "children": {
                                        "worker_root": {
                                            "total": 347.4357439250489,
                                            "count": 4967,
                                            "is_parallel": true,
                                            "self": 69.45734623017051,
                                            "children": {
                                                "run_training.setup": {
                                                    "total": 0.0,
                                                    "count": 0,
                                                    "is_parallel": true,
                                                    "self": 0.0,
                                                    "children": {
                                                        "steps_from_proto": {
                                                            "total": 0.01493141600076342,
                                                            "count": 1,
                                                            "is_parallel": true,
                                                            "self": 0.0003263770013290923,
                                                            "children": {
                                                                "_process_vector_observation": {
                                                                    "total": 0.014605038999434328,
                                                                    "count": 4,
                                                                    "is_parallel": true,
                                                                    "self": 0.014605038999434328
                                                                }
                                                            }
                                                        },
                                                        "UnityEnvironment.step": {
                                                            "total": 0.07100336599978618,
                                                            "count": 1,
                                                            "is_parallel": true,
                                                            "self": 0.002272992998769041,
                                                            "children": {
                                                                "UnityEnvironment._generate_step_input": {
                                                                    "total": 0.0003011330009030644,
                                                                    "count": 1,
                                                                    "is_parallel": true,
                                                                    "self": 0.0003011330009030644
                                                                },
                                                                "communicator.exchange": {
                                                                    "total": 0.05340769599933992,
                                                                    "count": 1,
                                                                    "is_parallel": true,
                                                                    "self": 0.05340769599933992
                                                                },
                                                                "steps_from_proto": {
                                                                    "total": 0.015021544000774156,
                                                                    "count": 1,
                                                                    "is_parallel": true,
                                                                    "self": 0.00020795699674636126,
                                                                    "children": {
                                                                        "_process_vector_observation": {
                                                                            "total": 0.014813587004027795,
                                                                            "count": 4,
                                                                            "is_parallel": true,
                                                                            "self": 0.014813587004027795
                                                                        }
                                                                    }
                                                                }
                                                            }
                                                        }
                                                    }
                                                },
                                                "UnityEnvironment.step": {
                                                    "total": 277.97839769487837,
                                                    "count": 4966,
                                                    "is_parallel": true,
                                                    "self": 11.31079508595576,