{
    "name": "root",
    "gauges": {
        "ModifiedMovement6_AgentBrain.Policy.Entropy.mean": {
            "value": 2.1100783348083496,
            "min": 1.997273564338684,
            "max": 4.499220371246338,
            "count": 371
        },
        "ModifiedMovement6_AgentBrain.Policy.ExtrinsicValueEstimate.mean": {
            "value": -0.30350440740585327,
            "min": -1.069663643836975,
            "max": 0.06953312456607819,
            "count": 371
        },
        "ModifiedMovement6_AgentBrain.IsTraining.mean": {
            "value": 1.0,
            "min": 1.0,
            "max": 1.0,
            "count": 371
        },
        "ModifiedMovement6_AgentBrain.Losses.ValueLoss.mean": {
            "value": 0.01155957393348217,
            "min": 0.0006687204004265368,
            "max": 0.05271119624376297,
            "count": 341
        },
        "ModifiedMovement6_AgentBrain.Losses.PolicyLoss.mean": {
            "value": 0.02521788328886032,
            "min": 0.015345064923167229,
            "max": 0.03583068028092384,
            "count": 341
        },
        "ModifiedMovement6_AgentBrain.Policy.LearningRate.mean": {
            "value": 0.00011470067693153396,
            "min": 0.00011470067693153396,
            "max": 0.0002994624082930386,
            "count": 341
        },
        "ModifiedMovement6_AgentBrain.Environment.EpisodeLength.mean": {
            "value": 1999.0,
            "min": 452.0,
            "max": 1999.0,
            "count": 132
        },
        "ModifiedMovement6_AgentBrain.Environment.CumulativeReward.mean": {
            "value": -3.6798336766660213,
            "min": -23.549750097095966,
            "max": -0.03550031967461109,
            "count": 127
        },
        "ModifiedMovement6_AgentBrain.Policy.ExtrinsicReward.mean": {
            "value": -3.6798336766660213,
            "min": -23.549750097095966,
            "max": -0.03550031967461109,
            "count": 127
        }
    },
    "metadata": {
        "timer_format_version": "0.1.0",
        "start_time_seconds": "1596006364",
        "python_version": "3.6.9 (default, Jul 17 2020, 12:50:27) \n[GCC 8.4.0]",
        "command_line_arguments": "/home/fyp/.local/bin/mlagents-learn config/trainer_config.yaml --run-id=ModifiedMovement6 --force",
        "mlagents_version": "0.16.0",
        "mlagents_envs_version": "0.16.0",
        "communication_protocol_version": "1.0.0",
        "tensorflow_version": "1.14.0",
        "end_time_seconds": "1596010211"
    },
    "total": 3847.2436534279987,
    "count": 1,
    "self": 0.000331923998601269,
    "children": {
        "run_training.setup": {
            "total": 0.012799085001461208,
            "count": 1,
            "self": 0.012799085001461208
        },
        "TrainerController.start_learning": {
            "total": 3847.2305224189986,
            "count": 1,
            "self": 28.650196856004186,
            "children": {
                "TrainerController._reset_env": {
                    "total": 7.5507332950001,
                    "count": 1,
                    "self": 7.5507332950001
                },
                "TrainerController.advance": {
                    "total": 3810.744849591996,
                    "count": 58183,
                    "self": 0.654916426683485,
                    "children": {
                        "env_step": {
                            "total": 3810.0899331653127,
                            "count": 58183,
                            "self": 3722.6983688738183,
                            "children": {
                                "SubprocessEnvManager._take_step": {
                                    "total": 86.72882031532208,
                                    "count": 58183,
                                    "self": 2.974321051926381,
                                    "children": {
                                        "NNPolicy.evaluate": {
                                            "total": 83.7544992633957,
                                            "count": 58017,
                                            "self": 83.7544992633957
                                        }
                                    }
                                },
                                "workers": {
                                    "total": 0.6627439761723508,
                                    "count": 58182,
                                    "self": 0.0,
                                    "children": {
                                        "worker_root": {
                                            "total": 3841.8338160867424,
                                            "count": 58182,
                                            "is_parallel": true,
                                            "self": 636.248700459415,
                                            "children": {
                                                "run_training.setup": {
                                                    "total": 0.0,
                                                    "count": 0,
                                                    "is_parallel": true,
                                                    "self": 0.0,
                                                    "children": {
                                                        "steps_from_proto": {
                                                            "total": 0.014927100997738307,
                                                            "count": 1,
                                                            "is_parallel": true,
                                                            "self": 0.0003260469966335222,
                                                            "children": {
                                                                "_process_vector_observation": {
                                                                    "total": 0.014601054001104785,
                                                                    "count": 4,
                                                                    "is_parallel": true,
                                                                    "self": 0.014601054001104785
                                                                }
                                                            }
                                                        },
                                                        "UnityEnvironment.step": {
                                                            "total": 0.07096380599978147,
                                                            "count": 1,
                                                            "is_parallel": true,
                                                            "self": 0.0023007799973129295,
                                                            "children": {
                                                                "UnityEnvironment._generate_step_input": {
                                                                    "total": 0.0003122380003333092,
                                                                    "count": 1,
                                                                    "is_parallel": true,
                                                                    "self": 0.0003122380003333092
                                                                },
                                                                "communicator.exchange": {
                                                                    "total": 0.05338078899876564,
                                                                    "count": 1,
                                                                    "is_parallel": true,