{
    "name": "root",
    "gauges": {
        "normalisedAgentTarget1_AgentBrain.Policy.Entropy.mean": {
            "value": 1.2779852151870728,
            "min": 1.277889609336853,
            "max": 1.4305497407913208,
            "count": 600
        },
        "normalisedAgentTarget1_AgentBrain.Policy.ExtrinsicValueEstimate.mean": {
            "value": 0.3100682497024536,
            "min": -0.5965723991394043,
            "max": 0.3920630216598511,
            "count": 600
        },
        "normalisedAgentTarget1_AgentBrain.IsTraining.mean": {
            "value": 1.0,
            "min": 1.0,
            "max": 1.0,
            "count": 600
        },
        "normalisedAgentTarget1_AgentBrain.Losses.ValueLoss.mean": {
            "value": 0.09599598497152328,
            "min": 0.003775130957365036,
            "max": 0.11025076359510422,
            "count": 566
        },
        "normalisedAgentTarget1_AgentBrain.Losses.PolicyLoss.mean": {
            "value": 0.0275613721460104,
            "min": 0.012551438063383102,
            "max": 0.03284074366092682,
            "count": 566
        },
        "normalisedAgentTarget1_AgentBrain.Policy.LearningRate.mean": {
            "value": 4.2249411080774735e-07,
            "min": 4.2249411080774735e-07,
            "max": 0.00029947521397843957,
            "count": 566
        },
        "normalisedAgentTarget1_AgentBrain.Environment.EpisodeLength.mean": {
            "value": 175.8395061728395,
            "min": 76.40845070422536,
            "max": 1999.0,
            "count": 564
        },
        "normalisedAgentTarget1_AgentBrain.Environment.CumulativeReward.mean": {
            "value": 1.234610430214421,
            "min": -8.499000661075115,
            "max": 1.7665417215806276,
            "count": 564
        },
        "normalisedAgentTarget1_AgentBrain.Policy.ExtrinsicReward.mean": {
            "value": 1.234610430214421,
            "min": -8.499000661075115,
            "max": 1.7665417215806276,
            "count": 564
        }
    },
    "metadata": {
        "timer_format_version": "0.1.0",
        "start_time_seconds": "1595413506",
        "python_version": "3.6.9 (default, Apr 18 2020, 01:56:04) \n[GCC 8.4.0]",
        "command_line_arguments": "/home/fyp/.local/bin/mlagents-learn config/trainer_config.yaml --run-id=normalisedAgentTarget1 --force",
        "mlagents_version": "0.16.0",
        "mlagents_envs_version": "0.16.0",
        "communication_protocol_version": "1.0.0",
        "tensorflow_version": "1.14.0",
        "end_time_seconds": "1595417137"
    },
    "total": 3631.241326942,
    "count": 1,
    "self": 0.004841837999265408,
    "children": {
        "run_training.setup": {
            "total": 0.01333336200013946,
            "count": 1,
            "self": 0.01333336200013946
        },
        "TrainerController.start_learning": {
            "total": 3631.2231517420005,
            "count": 1,
            "self": 61.75792660923389,
            "children": {
                "TrainerController._reset_env": {
                    "total": 2.9188514880002003,
                    "count": 1,
                    "self": 2.9188514880002003
                },
                "TrainerController.advance": {
                    "total": 3566.283828972766,
                    "count": 133144,
                    "self": 1.3574240767711672,
                    "children": {
                        "env_step": {
                            "total": 3564.926404895995,
                            "count": 133144,
                            "self": 3400.699174160782,
                            "children": {
                                "SubprocessEnvManager._take_step": {
                                    "total": 162.7816261081648,
                                    "count": 133144,
                                    "self": 5.109087960236593,
                                    "children": {
                                        "NNPolicy.evaluate": {
                                            "total": 157.6725381479282,
                                            "count": 125040,
                                            "self": 157.6725381479282
                                        }
                                    }
                                },
                                "workers": {
                                    "total": 1.445604627047942,
                                    "count": 133144,
                                    "self": 0.0,
                                    "children": {
                                        "worker_root": {
                                            "total": 3627.2668637851234,
                                            "count": 133144,
                                            "is_parallel": true,
                                            "self": 832.1451060220011,
                                            "children": {
                                                "run_training.setup": {
                                                    "total": 0.0,
                                                    "count": 0,
                                                    "is_parallel": true,
                                                    "self": 0.0,
                                                    "children": {
                                                        "steps_from_proto": {
                                                            "total": 0.0029360200001065095,
                                                            "count": 1,
                                                            "is_parallel": true,
                                                            "self": 0.00014203700084181037,
                                                            "children": {
                                                                "_process_vector_observation": {
                                                                    "total": 0.002793982999264699,
                                                                    "count": 4,
                                                                    "is_parallel": true,
                                                                    "self": 0.002793982999264699
                                                                }
                                                            }
                                                        },
                                                        "UnityEnvironment.step": {
                                                            "total": 0.03871653599981073,
                                                            "count": 1,
                                                            "is_parallel": true,
                                                            "self": 0.0005142589993738511,
                                                            "children": {
                                                                "UnityEnvironment._generate_step_input": {
                                                                    "total": 0.000265645000126824,
                                                                    "count": 1,
                                                                    "is_parallel": true,
                                                                    "self": 0.000265645000126824
                                                                },
                                                                "communicator.exchange": {
                                                                    "total": 0.035222789000272314,
                                                                    "count": 1,
                                                                    "is_parallel": true,