{
    "name": "root",
    "gauges": {
        "normalisedAgentTarget_AgentBrain.Policy.Entropy.mean": {
            "value": 1.4266104698181152,
            "min": 1.4189382791519165,
            "max": 1.433297872543335,
            "count": 30
        },
        "normalisedAgentTarget_AgentBrain.Policy.ExtrinsicValueEstimate.mean": {
            "value": -0.3581714630126953,
            "min": -0.42571669816970825,
            "max": 0.2520850598812103,
            "count": 30
        },
        "normalisedAgentTarget_AgentBrain.IsTraining.mean": {
            "value": 1.0,
            "min": 1.0,
            "max": 1.0,
            "count": 30
        },
        "normalisedAgentTarget_AgentBrain.Losses.ValueLoss.mean": {
            "value": 0.02222301997244358,
            "min": 0.0025397136341780424,
            "max": 0.03764992579817772,
            "count": 28
        },
        "normalisedAgentTarget_AgentBrain.Losses.PolicyLoss.mean": {
            "value": 0.024794023483991623,
            "min": 0.018847983330488205,
            "max": 0.03117656148970127,
            "count": 28
        },
        "normalisedAgentTarget_AgentBrain.Policy.LearningRate.mean": {
            "value": 0.0002850442542694509,
            "min": 0.0002850442542694509,
            "max": 0.00029947521397843957,
            "count": 28
        },
        "normalisedAgentTarget_AgentBrain.Environment.EpisodeLength.mean": {
            "value": 1999.0,
            "min": 1040.8260869565217,
            "max": 1999.0,
            "count": 6
        },
        "normalisedAgentTarget_AgentBrain.Environment.CumulativeReward.mean": {
            "value": -8.412667306760946,
            "min": -8.412667306760946,
            "max": -3.916400293447077,
            "count": 6
        },
        "normalisedAgentTarget_AgentBrain.Policy.ExtrinsicReward.mean": {
            "value": -8.412667306760946,
            "min": -8.412667306760946,
            "max": -3.916400293447077,
            "count": 6
        }
    },
    "metadata": {
        "timer_format_version": "0.1.0",
        "start_time_seconds": "1595412617",
        "python_version": "3.6.9 (default, Apr 18 2020, 01:56:04) \n[GCC 8.4.0]",
        "command_line_arguments": "/home/fyp/.local/bin/mlagents-learn config/trainer_config.yaml --run-id=normalisedAgentTarget --force",
        "mlagents_version": "0.16.0",
        "mlagents_envs_version": "0.16.0",
        "communication_protocol_version": "1.0.0",
        "tensorflow_version": "1.14.0",
        "end_time_seconds": "1595412826"
    },
    "total": 209.43173817200022,
    "count": 1,
    "self": 0.000309790000301291,
    "children": {
        "run_training.setup": {
            "total": 0.0125425080000241,
            "count": 1,
            "self": 0.0125425080000241
        },
        "TrainerController.start_learning": {
            "total": 209.4188858739999,
            "count": 1,
            "self": 4.0500820339857455,
            "children": {
                "TrainerController._reset_env": {
                    "total": 11.547473826999976,
                    "count": 1,
                    "self": 11.547473826999976
                },
                "TrainerController.advance": {
                    "total": 193.7094987360142,
                    "count": 6402,
                    "self": 0.06332427500819904,
                    "children": {
                        "env_step": {
                            "total": 193.646174461006,
                            "count": 6402,
                            "self": 186.49118680799802,
                            "children": {
                                "SubprocessEnvManager._take_step": {
                                    "total": 7.0880811840020215,
                                    "count": 6402,
                                    "self": 0.25313766002000193,
                                    "children": {
                                        "NNPolicy.evaluate": {
                                            "total": 6.8349435239820195,
                                            "count": 6391,
                                            "self": 6.8349435239820195
                                        }
                                    }
                                },
                                "workers": {
                                    "total": 0.0669064690059713,
                                    "count": 6401,
                                    "self": 0.0,
                                    "children": {
                                        "worker_root": {
                                            "total": 209.01301214202113,
                                            "count": 6401,
                                            "is_parallel": true,
                                            "self": 56.415230033021544,
                                            "children": {
                                                "run_training.setup": {
                                                    "total": 0.0,
                                                    "count": 0,
                                                    "is_parallel": true,
                                                    "self": 0.0,
                                                    "children": {
                                                        "steps_from_proto": {
                                                            "total": 0.003143607999845699,
                                                            "count": 1,
                                                            "is_parallel": true,
                                                            "self": 0.00013375499975154526,
                                                            "children": {
                                                                "_process_vector_observation": {
                                                                    "total": 0.0030098530000941537,
                                                                    "count": 4,
                                                                    "is_parallel": true,
                                                                    "self": 0.0030098530000941537
                                                                }
                                                            }
                                                        },
                                                        "UnityEnvironment.step": {
                                                            "total": 0.039859204000094905,
                                                            "count": 1,
                                                            "is_parallel": true,
                                                            "self": 0.0005603970002994174,
                                                            "children": {
                                                                "UnityEnvironment._generate_step_input": {
                                                                    "total": 0.0002522389995647245,
                                                                    "count": 1,
                                                                    "is_parallel": true,
                                                                    "self": 0.0002522389995647245
                                                                },
                                                                "communicator.exchange": {
                                                                    "total": 0.03608488200006832,
                                                                    "count": 1,
                                                                    "is_parallel": true,