{
    "name": "root",
    "gauges": {
        "RayLengthIncRewardCrowdPenalty2_AgentBrain.Policy.Entropy.mean": {
            "value": 1.3570061922073364,
            "min": 1.3570061922073364,
            "max": 1.4202977418899536,
            "count": 300
        },
        "RayLengthIncRewardCrowdPenalty2_AgentBrain.Policy.ExtrinsicValueEstimate.mean": {
            "value": 0.25118085741996765,
            "min": -0.32329061627388,
            "max": 0.3839946687221527,
            "count": 300
        },
        "RayLengthIncRewardCrowdPenalty2_AgentBrain.IsTraining.mean": {
            "value": 1.0,
            "min": 1.0,
            "max": 1.0,
            "count": 300
        },
        "RayLengthIncRewardCrowdPenalty2_AgentBrain.Losses.ValueLoss.mean": {
            "value": 0.09257998317480087,
            "min": 0.003991477657109499,
            "max": 0.11802200973033905,
            "count": 277
        },
        "RayLengthIncRewardCrowdPenalty2_AgentBrain.Losses.PolicyLoss.mean": {
            "value": 0.018286975100636482,
            "min": 0.01546413078904152,
            "max": 0.0344427153468132,
            "count": 277
        },
        "RayLengthIncRewardCrowdPenalty2_AgentBrain.Policy.LearningRate.mean": {
            "value": 4.7490451038356696e-07,
            "min": 4.7490451038356696e-07,
            "max": 0.0002989248023368418,
            "count": 277
        },
        "RayLengthIncRewardCrowdPenalty2_AgentBrain.Environment.EpisodeLength.mean": {
            "value": 522.0588235294117,
            "min": 108.55555555555556,
            "max": 1999.0,
            "count": 266
        },
        "RayLengthIncRewardCrowdPenalty2_AgentBrain.Environment.CumulativeReward.mean": {
            "value": 1.2413847373323874,
            "min": -5.165999865159392,
            "max": 9.916999816894531,
            "count": 265
        },
        "RayLengthIncRewardCrowdPenalty2_AgentBrain.Policy.ExtrinsicReward.mean": {
            "value": 1.2413847373323874,
            "min": -5.165999865159392,
            "max": 9.916999816894531,
            "count": 265
        }
    },
    "metadata": {
        "timer_format_version": "0.1.0",
        "start_time_seconds": "1595846174",
        "python_version": "3.6.9 (default, Apr 18 2020, 01:56:04) \n[GCC 8.4.0]",
        "command_line_arguments": "/home/fyp/.local/bin/mlagents-learn config/trainer_config.yaml --run-id=RayLengthIncRewardCrowdPenalty2",
        "mlagents_version": "0.16.0",
        "mlagents_envs_version": "0.16.0",
        "communication_protocol_version": "1.0.0",
        "tensorflow_version": "1.14.0",
        "end_time_seconds": "1595848325"
    },
    "total": 2150.2185996980006,
    "count": 1,
    "self": 0.00524878800206352,
    "children": {
        "run_training.setup": {
            "total": 0.013134587999957148,
            "count": 1,
            "self": 0.013134587999957148
        },
        "TrainerController.start_learning": {
            "total": 2150.2002163219986,
            "count": 1,
            "self": 24.57404766601394,
            "children": {
                "TrainerController._reset_env": {
                    "total": 8.833372611999948,
                    "count": 1,
                    "self": 8.833372611999948
                },
                "TrainerController.advance": {
                    "total": 2116.6879040989843,
                    "count": 48805,
                    "self": 0.5200503785708861,
                    "children": {
                        "env_step": {
                            "total": 2116.1678537204134,
                            "count": 48805,
                            "self": 2047.0109305964397,
                            "children": {
                                "SubprocessEnvManager._take_step": {
                                    "total": 68.6157345899228,
                                    "count": 48805,
                                    "self": 2.209212983660109,
                                    "children": {
                                        "NNPolicy.evaluate": {
                                            "total": 66.40652160626269,
                                            "count": 46916,
                                            "self": 66.40652160626269
                                        }
                                    }
                                },
                                "workers": {
                                    "total": 0.5411885340508888,
                                    "count": 48805,
                                    "self": 0.0,
                                    "children": {
                                        "worker_root": {
                                            "total": 2147.7135510475127,
                                            "count": 48805,
                                            "is_parallel": true,
                                            "self": 459.1020869273416,
                                            "children": {
                                                "run_training.setup": {
                                                    "total": 0.0,
                                                    "count": 0,
                                                    "is_parallel": true,
                                                    "self": 0.0,
                                                    "children": {
                                                        "steps_from_proto": {
                                                            "total": 0.007667194000532618,
                                                            "count": 1,
                                                            "is_parallel": true,
                                                            "self": 0.00014600799840991385,
                                                            "children": {
                                                                "_process_vector_observation": {
                                                                    "total": 0.007521186002122704,
                                                                    "count": 4,
                                                                    "is_parallel": true,
                                                                    "self": 0.007521186002122704
                                                                }
                                                            }
                                                        },
                                                        "UnityEnvironment.step": {
                                                            "total": 0.05843619400184252,
                                                            "count": 1,
                                                            "is_parallel": true,
                                                            "self": 0.0012133230011386331,
                                                            "children": {
                                                                "UnityEnvironment._generate_step_input": {
                                                                    "total": 0.00035227999978815205,
                                                                    "count": 1,
                                                                    "is_parallel": true,
                                                                    "self": 0.00035227999978815205
                                                                },
                                                                "communicator.exchange": {
                                                                    "total": 0.049465911000879714,
                                                                    "count": 1,