{
    "name": "root",
    "gauges": {
        "RayLengthIncRewardCrowdPenalty_AgentBrain.Policy.Entropy.mean": {
            "value": 1.3218486309051514,
            "min": 1.3216592073440552,
            "max": 1.4260920286178589,
            "count": 300
        },
        "RayLengthIncRewardCrowdPenalty_AgentBrain.Policy.ExtrinsicValueEstimate.mean": {
            "value": 0.13182123005390167,
            "min": -0.3736763298511505,
            "max": 0.35485780239105225,
            "count": 300
        },
        "RayLengthIncRewardCrowdPenalty_AgentBrain.IsTraining.mean": {
            "value": 1.0,
            "min": 1.0,
            "max": 1.0,
            "count": 300
        },
        "RayLengthIncRewardCrowdPenalty_AgentBrain.Losses.ValueLoss.mean": {
            "value": 0.05928898975253105,
            "min": 0.0039709387347102165,
            "max": 0.10659895092248917,
            "count": 277
        },
        "RayLengthIncRewardCrowdPenalty_AgentBrain.Losses.PolicyLoss.mean": {
            "value": 0.02255414053797722,
            "min": 0.014717444777488708,
            "max": 0.03370130807161331,
            "count": 277
        },
        "RayLengthIncRewardCrowdPenalty_AgentBrain.Policy.LearningRate.mean": {
            "value": 1.1064929594795103e-06,
            "min": 1.1064929594795103e-06,
            "max": 0.0002989248023368418,
            "count": 277
        },
        "RayLengthIncRewardCrowdPenalty_AgentBrain.Environment.EpisodeLength.mean": {
            "value": 850.9047619047619,
            "min": 114.2,
            "max": 1999.0,
            "count": 251
        },
        "RayLengthIncRewardCrowdPenalty_AgentBrain.Environment.CumulativeReward.mean": {
            "value": -0.09238894518542413,
            "min": -4.520250253379345,
            "max": 3.4426001171581446,
            "count": 248
        },
        "RayLengthIncRewardCrowdPenalty_AgentBrain.Policy.ExtrinsicReward.mean": {
            "value": -0.09238894518542413,
            "min": -4.520250253379345,
            "max": 3.4426001171581446,
            "count": 248
        }
    },
    "metadata": {
        "timer_format_version": "0.1.0",
        "start_time_seconds": "1595840714",
        "python_version": "3.6.9 (default, Apr 18 2020, 01:56:04) \n[GCC 8.4.0]",
        "command_line_arguments": "/home/fyp/.local/bin/mlagents-learn config/trainer_config.yaml --run-id=RayLengthIncRewardCrowdPenalty",
        "mlagents_version": "0.16.0",
        "mlagents_envs_version": "0.16.0",
        "communication_protocol_version": "1.0.0",
        "tensorflow_version": "1.14.0",
        "end_time_seconds": "1595842996"
    },
    "total": 2282.1724237870003,
    "count": 1,
    "self": 0.004866064999077935,
    "children": {
        "run_training.setup": {
            "total": 0.013093660003505647,
            "count": 1,
            "self": 0.013093660003505647
        },
        "TrainerController.start_learning": {
            "total": 2282.1544640619977,
            "count": 1,
            "self": 25.368573715099046,
            "children": {
                "TrainerController._reset_env": {
                    "total": 3.5191279710015806,
                    "count": 1,
                    "self": 3.5191279710015806
                },
                "TrainerController.advance": {
                    "total": 2253.1606829088996,
                    "count": 48159,
                    "self": 0.5027624198701233,
                    "children": {
                        "env_step": {
                            "total": 2252.6579204890295,
                            "count": 48159,
                            "self": 2180.983991676996,
                            "children": {
                                "SubprocessEnvManager._take_step": {
                                    "total": 71.14173405980182,
                                    "count": 48159,
                                    "self": 2.22519196498979,
                                    "children": {
                                        "NNPolicy.evaluate": {
                                            "total": 68.91654209481203,
                                            "count": 46921,
                                            "self": 68.91654209481203
                                        }
                                    }
                                },
                                "workers": {
                                    "total": 0.5321947522315895,
                                    "count": 48159,
                                    "self": 0.0,
                                    "children": {
                                        "worker_root": {
                                            "total": 2279.715486837016,
                                            "count": 48159,
                                            "is_parallel": true,
                                            "self": 451.05174244511363,
                                            "children": {
                                                "run_training.setup": {
                                                    "total": 0.0,
                                                    "count": 0,
                                                    "is_parallel": true,
                                                    "self": 0.0,
                                                    "children": {
                                                        "steps_from_proto": {
                                                            "total": 0.007547801000328036,
                                                            "count": 1,
                                                            "is_parallel": true,
                                                            "self": 0.00015015399912954308,
                                                            "children": {
                                                                "_process_vector_observation": {
                                                                    "total": 0.007397647001198493,
                                                                    "count": 4,
                                                                    "is_parallel": true,
                                                                    "self": 0.007397647001198493
                                                                }
                                                            }
                                                        },
                                                        "UnityEnvironment.step": {
                                                            "total": 0.05716985599792679,
                                                            "count": 1,
                                                            "is_parallel": true,
                                                            "self": 0.001182635998702608,
                                                            "children": {
                                                                "UnityEnvironment._generate_step_input": {
                                                                    "total": 0.00032129200189956464,
                                                                    "count": 1,
                                                                    "is_parallel": true,
                                                                    "self": 0.00032129200189956464
                                                                },
                                                                "communicator.exchange": {
                                                                    "total": 0.04834022199793253,
                                                                    "count": 1,
                                                                    "is_parallel": true,