{
    "name": "root",
    "gauges": {
        "RayLengthCrowdReward2_AgentBrain.Policy.Entropy.mean": {
            "value": 1.348899245262146,
            "min": 1.3488428592681885,
            "max": 1.4279342889785767,
            "count": 300
        },
        "RayLengthCrowdReward2_AgentBrain.Policy.ExtrinsicValueEstimate.mean": {
            "value": 0.27683842182159424,
            "min": -0.09438829869031906,
            "max": 0.4259679615497589,
            "count": 300
        },
        "RayLengthCrowdReward2_AgentBrain.IsTraining.mean": {
            "value": 1.0,
            "min": 1.0,
            "max": 1.0,
            "count": 300
        },
        "RayLengthCrowdReward2_AgentBrain.Losses.ValueLoss.mean": {
            "value": 0.057443998754024506,
            "min": 0.0029784375801682472,
            "max": 0.08791521936655045,
            "count": 277
        },
        "RayLengthCrowdReward2_AgentBrain.Losses.PolicyLoss.mean": {
            "value": 0.023596733808517456,
            "min": 0.01640455797314644,
            "max": 0.1296612173318863,
            "count": 277
        },
        "RayLengthCrowdReward2_AgentBrain.Policy.LearningRate.mean": {
            "value": 1.0132953320862725e-06,
            "min": 1.0132953320862725e-06,
            "max": 0.0002989248023368418,
            "count": 277
        },
        "RayLengthCrowdReward2_AgentBrain.Environment.EpisodeLength.mean": {
            "value": 473.3333333333333,
            "min": 118.30434782608695,
            "max": 1999.0,
            "count": 268
        },
        "RayLengthCrowdReward2_AgentBrain.Environment.CumulativeReward.mean": {
            "value": 2.0889163238728847,
            "min": 1.0565712892660355,
            "max": 3.201499817892909,
            "count": 269
        },
        "RayLengthCrowdReward2_AgentBrain.Policy.ExtrinsicReward.mean": {
            "value": 2.0889163238728847,
            "min": 1.0565712892660355,
            "max": 3.201499817892909,
            "count": 269
        }
    },
    "metadata": {
        "timer_format_version": "0.1.0",
        "start_time_seconds": "1595939193",
        "python_version": "3.6.9 (default, Jul 17 2020, 12:50:27) \n[GCC 8.4.0]",
        "command_line_arguments": "/home/fyp/.local/bin/mlagents-learn config/trainer_config.yaml --run-id=RayLengthCrowdReward2 --force",
        "mlagents_version": "0.16.0",
        "mlagents_envs_version": "0.16.0",
        "communication_protocol_version": "1.0.0",
        "tensorflow_version": "1.14.0",
        "end_time_seconds": "1595941378"
    },
    "total": 2184.751324854,
    "count": 1,
    "self": 0.00505975799751468,
    "children": {
        "run_training.setup": {
            "total": 0.012958303001141758,
            "count": 1,
            "self": 0.012958303001141758
        },
        "TrainerController.start_learning": {
            "total": 2184.7333067930012,
            "count": 1,
            "self": 24.734862287124997,
            "children": {
                "TrainerController._reset_env": {
                    "total": 3.1325215919987386,
                    "count": 1,
                    "self": 3.1325215919987386
                },
                "TrainerController.advance": {
                    "total": 2156.7580959398765,
                    "count": 48652,
                    "self": 0.5369197128511587,
                    "children": {
                        "env_step": {
                            "total": 2156.2211762270254,
                            "count": 48652,
                            "self": 2086.750842122159,
                            "children": {
                                "SubprocessEnvManager._take_step": {
                                    "total": 68.93134615192321,
                                    "count": 48652,
                                    "self": 2.226019362155057,
                                    "children": {
                                        "NNPolicy.evaluate": {
                                            "total": 66.70532678976815,
                                            "count": 46921,
                                            "self": 66.70532678976815
                                        }
                                    }
                                },
                                "workers": {
                                    "total": 0.5389879529429891,
                                    "count": 48652,
                                    "self": 0.0,
                                    "children": {
                                        "worker_root": {
                                            "total": 2182.246353522003,
                                            "count": 48652,
                                            "is_parallel": true,
                                            "self": 445.6130584311013,
                                            "children": {
                                                "run_training.setup": {
                                                    "total": 0.0,
                                                    "count": 0,
                                                    "is_parallel": true,
                                                    "self": 0.0,
                                                    "children": {
                                                        "steps_from_proto": {
                                                            "total": 0.007506714000555803,
                                                            "count": 1,
                                                            "is_parallel": true,
                                                            "self": 0.00015045500185806304,
                                                            "children": {
                                                                "_process_vector_observation": {
                                                                    "total": 0.00735625899869774,
                                                                    "count": 4,
                                                                    "is_parallel": true,
                                                                    "self": 0.00735625899869774
                                                                }
                                                            }
                                                        },
                                                        "UnityEnvironment.step": {
                                                            "total": 0.05514001600022311,
                                                            "count": 1,
                                                            "is_parallel": true,
                                                            "self": 0.0012270719998923596,
                                                            "children": {
                                                                "UnityEnvironment._generate_step_input": {
                                                                    "total": 0.0003257099997426849,
                                                                    "count": 1,
                                                                    "is_parallel": true,
                                                                    "self": 0.0003257099997426849
                                                                },
                                                                "communicator.exchange": {
                                                                    "total": 0.046233101000325405,
                                                                    "count": 1,
                                                                    "is_parallel": true,