{
    "name": "root",
    "gauges": {
        "RayLengthIncRewardCrowdReward2_AgentBrain.Policy.Entropy.mean": {
            "value": 1.3659454584121704,
            "min": 1.3659454584121704,
            "max": 1.4284559488296509,
            "count": 152
        },
        "RayLengthIncRewardCrowdReward2_AgentBrain.Policy.ExtrinsicValueEstimate.mean": {
            "value": 0.42912912368774414,
            "min": -0.061116330325603485,
            "max": 0.4924303889274597,
            "count": 152
        },
        "RayLengthIncRewardCrowdReward2_AgentBrain.IsTraining.mean": {
            "value": 1.0,
            "min": 1.0,
            "max": 1.0,
            "count": 152
        },
        "RayLengthIncRewardCrowdReward2_AgentBrain.Losses.ValueLoss.mean": {
            "value": 0.06354189664125443,
            "min": 0.0036552392411977053,
            "max": 0.07035259157419205,
            "count": 140
        },
        "RayLengthIncRewardCrowdReward2_AgentBrain.Losses.PolicyLoss.mean": {
            "value": 0.0222603939473629,
            "min": 0.01600559428334236,
            "max": 0.033887796103954315,
            "count": 140
        },
        "RayLengthIncRewardCrowdReward2_AgentBrain.Policy.LearningRate.mean": {
            "value": 0.00014895926869940013,
            "min": 0.00014895926869940013,
            "max": 0.0002989248023368418,
            "count": 140
        },
        "RayLengthIncRewardCrowdReward2_AgentBrain.Environment.EpisodeLength.mean": {
            "value": 244.2,
            "min": 47.0,
            "max": 1999.0,
            "count": 103
        },
        "RayLengthIncRewardCrowdReward2_AgentBrain.Environment.CumulativeReward.mean": {
            "value": 2.970531510978617,
            "min": 1.1880000470555387,
            "max": 4.289000098244287,
            "count": 100
        },
        "RayLengthIncRewardCrowdReward2_AgentBrain.Policy.ExtrinsicReward.mean": {
            "value": 2.970531510978617,
            "min": 1.1880000470555387,
            "max": 4.289000098244287,
            "count": 100
        }
    },
    "metadata": {
        "timer_format_version": "0.1.0",
        "start_time_seconds": "1595928437",
        "python_version": "3.6.9 (default, Jul 17 2020, 12:50:27) \n[GCC 8.4.0]",
        "command_line_arguments": "/home/fyp/.local/bin/mlagents-learn config/trainer_config.yaml --run-id=RayLengthIncRewardCrowdReward2",
        "mlagents_version": "0.16.0",
        "mlagents_envs_version": "0.16.0",
        "communication_protocol_version": "1.0.0",
        "tensorflow_version": "1.14.0",
        "end_time_seconds": "1595929546"
    },
    "total": 1109.3451760119997,
    "count": 1,
    "self": 0.0003033979996871494,
    "children": {
        "run_training.setup": {
            "total": 0.012622326999917277,
            "count": 1,
            "self": 0.012622326999917277
        },
        "TrainerController.start_learning": {
            "total": 1109.332250287,
            "count": 1,
            "self": 12.708406132073833,
            "children": {
                "TrainerController._reset_env": {
                    "total": 11.226904898000157,
                    "count": 1,
                    "self": 11.226904898000157
                },
                "TrainerController.advance": {
                    "total": 1085.2820763349255,
                    "count": 24408,
                    "self": 0.26260351796145187,
                    "children": {
                        "env_step": {
                            "total": 1085.019472816964,
                            "count": 24408,
                            "self": 1050.0331105289301,
                            "children": {
                                "SubprocessEnvManager._take_step": {
                                    "total": 34.71770222005807,
                                    "count": 24408,
                                    "self": 1.1274901060278353,
                                    "children": {
                                        "NNPolicy.evaluate": {
                                            "total": 33.59021211403024,
                                            "count": 23891,
                                            "self": 33.59021211403024
                                        }
                                    }
                                },
                                "workers": {
                                    "total": 0.26866006797581576,
                                    "count": 24407,
                                    "self": 0.0,
                                    "children": {
                                        "worker_root": {
                                            "total": 1107.9246747689963,
                                            "count": 24407,
                                            "is_parallel": true,
                                            "self": 236.9359526049634,
                                            "children": {
                                                "run_training.setup": {
                                                    "total": 0.0,
                                                    "count": 0,
                                                    "is_parallel": true,
                                                    "self": 0.0,
                                                    "children": {
                                                        "steps_from_proto": {
                                                            "total": 0.00750708100031261,
                                                            "count": 1,
                                                            "is_parallel": true,
                                                            "self": 0.00015503000031458214,
                                                            "children": {
                                                                "_process_vector_observation": {
                                                                    "total": 0.007352050999998028,
                                                                    "count": 4,
                                                                    "is_parallel": true,
                                                                    "self": 0.007352050999998028
                                                                }
                                                            }
                                                        },
                                                        "UnityEnvironment.step": {
                                                            "total": 0.05539414000031684,
                                                            "count": 1,
                                                            "is_parallel": true,
                                                            "self": 0.0012435870003173477,
                                                            "children": {
                                                                "UnityEnvironment._generate_step_input": {
                                                                    "total": 0.00034280499994565616,
                                                                    "count": 1,
                                                                    "is_parallel": true,
                                                                    "self": 0.00034280499994565616
                                                                },
                                                                "communicator.exchange": {
                                                                    "total": 0.04657850800003871,
                                                                    "count": 1,
                                                                    "is_parallel": true,