{
    "name": "root",
    "gauges": {
        "RayLengthIncRewardCrowdReward4_AgentBrain.Policy.Entropy.mean": {
            "value": 1.3267276287078857,
            "min": 1.3266315460205078,
            "max": 1.4189382791519165,
            "count": 300
        },
        "RayLengthIncRewardCrowdReward4_AgentBrain.Policy.ExtrinsicValueEstimate.mean": {
            "value": 0.44061997532844543,
            "min": -0.2514273226261139,
            "max": 0.7004332542419434,
            "count": 300
        },
        "RayLengthIncRewardCrowdReward4_AgentBrain.IsTraining.mean": {
            "value": 1.0,
            "min": 1.0,
            "max": 1.0,
            "count": 300
        },
        "RayLengthIncRewardCrowdReward4_AgentBrain.Losses.ValueLoss.mean": {
            "value": 0.06204260140657425,
            "min": 0.003662149654701352,
            "max": 0.13838456571102142,
            "count": 277
        },
        "RayLengthIncRewardCrowdReward4_AgentBrain.Losses.PolicyLoss.mean": {
            "value": 0.024477483704686165,
            "min": 0.015550447627902031,
            "max": 0.04801870882511139,
            "count": 277
        },
        "RayLengthIncRewardCrowdReward4_AgentBrain.Policy.LearningRate.mean": {
            "value": 4.820033723262895e-07,
            "min": 4.820033723262895e-07,
            "max": 0.0002989248023368418,
            "count": 277
        },
        "RayLengthIncRewardCrowdReward4_AgentBrain.Environment.EpisodeLength.mean": {
            "value": 215.13793103448276,
            "min": 55.0,
            "max": 1999.0,
            "count": 253
        },
        "RayLengthIncRewardCrowdReward4_AgentBrain.Environment.CumulativeReward.mean": {
            "value": 3.1702730022811783,
            "min": 0.02449993311893195,
            "max": 4.349928747546593,
            "count": 253
        },
        "RayLengthIncRewardCrowdReward4_AgentBrain.Policy.ExtrinsicReward.mean": {
            "value": 3.1702730022811783,
            "min": 0.02449993311893195,
            "max": 4.349928747546593,
            "count": 253
        }
    },
    "metadata": {
        "timer_format_version": "0.1.0",
        "start_time_seconds": "1595932067",
        "python_version": "3.6.9 (default, Jul 17 2020, 12:50:27) \n[GCC 8.4.0]",
        "command_line_arguments": "/home/fyp/.local/bin/mlagents-learn config/trainer_config.yaml --run-id=RayLengthIncRewardCrowdReward4 --force",
        "mlagents_version": "0.16.0",
        "mlagents_envs_version": "0.16.0",
        "communication_protocol_version": "1.0.0",
        "tensorflow_version": "1.14.0",
        "end_time_seconds": "1595934264"
    },
    "total": 2196.4951494389998,
    "count": 1,
    "self": 0.00494581499879132,
    "children": {
        "run_training.setup": {
            "total": 0.01261356099985278,
            "count": 1,
            "self": 0.01261356099985278
        },
        "TrainerController.start_learning": {
            "total": 2196.477590063001,
            "count": 1,
            "self": 25.38251135311748,
            "children": {
                "TrainerController._reset_env": {
                    "total": 4.819236663000083,
                    "count": 1,
                    "self": 4.819236663000083
                },
                "TrainerController.advance": {
                    "total": 2166.170873158884,
                    "count": 48736,
                    "self": 0.5140134366183702,
                    "children": {
                        "env_step": {
                            "total": 2165.656859722266,
                            "count": 48736,
                            "self": 2095.816330344578,
                            "children": {
                                "SubprocessEnvManager._take_step": {
                                    "total": 69.2963380460169,
                                    "count": 48736,
                                    "self": 2.2395924250531607,
                                    "children": {
                                        "NNPolicy.evaluate": {
                                            "total": 67.05674562096374,
                                            "count": 46925,
                                            "self": 67.05674562096374
                                        }
                                    }
                                },
                                "workers": {
                                    "total": 0.5441913316708451,
                                    "count": 48736,
                                    "self": 0.0,
                                    "children": {
                                        "worker_root": {
                                            "total": 2193.9269728900053,
                                            "count": 48736,
                                            "is_parallel": true,
                                            "self": 460.2137808879761,
                                            "children": {
                                                "run_training.setup": {
                                                    "total": 0.0,
                                                    "count": 0,
                                                    "is_parallel": true,
                                                    "self": 0.0,
                                                    "children": {
                                                        "steps_from_proto": {
                                                            "total": 0.0076310429994919105,
                                                            "count": 1,
                                                            "is_parallel": true,
                                                            "self": 0.00015028500001790235,
                                                            "children": {
                                                                "_process_vector_observation": {
                                                                    "total": 0.007480757999474008,
                                                                    "count": 4,
                                                                    "is_parallel": true,
                                                                    "self": 0.007480757999474008
                                                                }
                                                            }
                                                        },
                                                        "UnityEnvironment.step": {
                                                            "total": 0.054752823999479006,
                                                            "count": 1,
                                                            "is_parallel": true,
                                                            "self": 0.0012304979991313303,
                                                            "children": {
                                                                "UnityEnvironment._generate_step_input": {
                                                                    "total": 0.0003364120002515847,
                                                                    "count": 1,
                                                                    "is_parallel": true,
                                                                    "self": 0.0003364120002515847
                                                                },
                                                                "communicator.exchange": {
                                                                    "total": 0.045797542999935104,
                                                                    "count": 1,
                                                                    "is_parallel": true,