{
    "name": "root",
    "gauges": {
        "RightOfWayWithDistance_AgentBrain.Policy.Entropy.mean": {
            "value": 1.545613169670105,
            "min": 1.545613169670105,
            "max": 1.545613169670105,
            "count": 1
        },
        "RightOfWayWithDistance_AgentBrain.Environment.EpisodeLength.mean": {
            "value": 931.3333333333334,
            "min": 931.3333333333334,
            "max": 931.3333333333334,
            "count": 1
        },
        "RightOfWayWithDistance_AgentBrain.Policy.ExtrinsicValueEstimate.mean": {
            "value": 5.276966571807861,
            "min": 5.276966571807861,
            "max": 5.276966571807861,
            "count": 1
        },
        "RightOfWayWithDistance_AgentBrain.Environment.CumulativeReward.mean": {
            "value": 52.34253257140517,
            "min": 52.34253257140517,
            "max": 52.34253257140517,
            "count": 1
        },
        "RightOfWayWithDistance_AgentBrain.Policy.ExtrinsicReward.mean": {
            "value": 52.34253257140517,
            "min": 52.34253257140517,
            "max": 52.34253257140517,
            "count": 1
        },
        "RightOfWayWithDistance_AgentBrain.IsTraining.mean": {
            "value": 0.0,
            "min": 0.0,
            "max": 0.0,
            "count": 1
        }
    },
    "metadata": {
        "timer_format_version": "0.1.0",
        "start_time_seconds": "1596896020",
        "python_version": "3.7.4 (default, Aug  9 2019, 18:34:13) [MSC v.1915 64 bit (AMD64)]",
        "command_line_arguments": "C:\\Users\\Yen Zhe\\Anaconda3\\Scripts\\mlagents-learn config/trainer_config1.yaml --run-id=RightOfWayWithDistance --resume --inference",
        "mlagents_version": "0.16.0",
        "mlagents_envs_version": "0.16.0",
        "communication_protocol_version": "1.0.0",
        "tensorflow_version": "2.0.1",
        "end_time_seconds": "1596896616"
    },
    "total": 596.3525579,
    "count": 1,
    "self": 2.2032482999999274,
    "children": {
        "run_training.setup": {
            "total": 0.032978400000000185,
            "count": 1,
            "self": 0.032978400000000185
        },
        "TrainerController.start_learning": {
            "total": 594.1163312,
            "count": 1,
            "self": 7.467622299998993,
            "children": {
                "TrainerController._reset_env": {
                    "total": 11.807540099999999,
                    "count": 1,
                    "self": 11.807540099999999
                },
                "TrainerController.advance": {
                    "total": 574.839998400001,
                    "count": 3520,
                    "self": 0.09000920000289625,
                    "children": {
                        "env_step": {
                            "total": 574.7499891999981,
                            "count": 3520,
                            "self": 568.1312295999958,
                            "children": {
                                "SubprocessEnvManager._take_step": {
                                    "total": 6.516717700000321,
                                    "count": 3520,
                                    "self": 0.21989460000021666,
                                    "children": {
                                        "NNPolicy.evaluate": {
                                            "total": 6.296823100000104,
                                            "count": 3517,
                                            "self": 6.296823100000104
                                        }
                                    }
                                },
                                "workers": {
                                    "total": 0.10204190000202473,
                                    "count": 3519,
                                    "self": 0.0,
                                    "children": {
                                        "worker_root": {
                                            "total": 563.980959700001,
                                            "count": 3519,
                                            "is_parallel": true,
                                            "self": 22.09031110000069,
                                            "children": {
                                                "steps_from_proto": {
                                                    "total": 0.010072499999999707,
                                                    "count": 1,
                                                    "is_parallel": true,
                                                    "self": 0.0003886000000008494,
                                                    "children": {
                                                        "_process_vector_observation": {
                                                            "total": 0.009683899999998857,
                                                            "count": 4,
                                                            "is_parallel": true,
                                                            "self": 0.009683899999998857
                                                        }
                                                    }
                                                },
                                                "UnityEnvironment.step": {
                                                    "total": 541.8805761000003,
                                                    "count": 3519,
                                                    "is_parallel": true,
                                                    "self": 1.1945965999983628,
                                                    "children": {
                                                        "UnityEnvironment._generate_step_input": {
                                                            "total": 1.7111739000006665,
                                                            "count": 3519,
                                                            "is_parallel": true,
                                                            "self": 1.7111739000006665
                                                        },
                                                        "communicator.exchange": {
                                                            "total": 504.2415723000006,
                                                            "count": 3519,
                                                            "is_parallel": true,
                                                            "self": 504.2415723000006
                                                        },
                                                        "steps_from_proto": {
                                                            "total": 34.733233300000684,
                                                            "count": 3519,
                                                            "is_parallel": true,
                                                            "self": 1.4413599999996691,
                                                            "children": {
                                                                "_process_vector_observation": {
                                                                    "total": 33.291873300001015,
                                                                    "count": 14076,
                                                                    "is_parallel": true,