{
    "name": "root",
    "gauges": {
        "RightOfWayWithDistance_AgentBrain.Policy.Entropy.mean": {
            "value": 2.425119638442993,
            "min": 1.6939058303833008,
            "max": 2.649528980255127,
            "count": 12
        },
        "RightOfWayWithDistance_AgentBrain.Policy.ExtrinsicValueEstimate.mean": {
            "value": 2.5289669036865234,
            "min": 2.48816180229187,
            "max": 7.948017597198486,
            "count": 12
        },
        "RightOfWayWithDistance_AgentBrain.Environment.EpisodeLength.mean": {
            "value": 527.5,
            "min": 134.08333333333334,
            "max": 694.0,
            "count": 12
        },
        "RightOfWayWithDistance_AgentBrain.Environment.CumulativeReward.mean": {
            "value": 55.70959581097122,
            "min": 55.70959581097122,
            "max": 61.79637191084433,
            "count": 12
        },
        "RightOfWayWithDistance_AgentBrain.Policy.ExtrinsicReward.mean": {
            "value": 55.70959581097122,
            "min": 55.70959581097122,
            "max": 61.79637191084433,
            "count": 12
        },
        "RightOfWayWithDistance_AgentBrain.IsTraining.mean": {
            "value": 0.0,
            "min": 0.0,
            "max": 0.0,
            "count": 12
        }
    },
    "metadata": {
        "timer_format_version": "0.1.0",
        "start_time_seconds": "1596904166",
        "python_version": "3.6.9 (default, Jul 17 2020, 12:50:27) \n[GCC 8.4.0]",
        "command_line_arguments": "/home/fyp/.local/bin/mlagents-learn config/trainer_config.yaml --run-id=RightOfWayWithDistance --resume --inference",
        "mlagents_version": "0.16.0",
        "mlagents_envs_version": "0.16.0",
        "communication_protocol_version": "1.0.0",
        "tensorflow_version": "2.3.0",
        "end_time_seconds": "1596904527"
    },
    "total": 361.56764189800015,
    "count": 1,
    "self": 0.005257654000160983,
    "children": {
        "run_training.setup": {
            "total": 0.004006041999673471,
            "count": 1,
            "self": 0.004006041999673471
        },
        "TrainerController.start_learning": {
            "total": 361.5583782020003,
            "count": 1,
            "self": 7.228670470784891,
            "children": {
                "TrainerController._reset_env": {
                    "total": 3.341365185000541,
                    "count": 1,
                    "self": 3.341365185000541
                },
                "TrainerController.advance": {
                    "total": 350.988323702215,
                    "count": 31786,
                    "self": 0.26646248620090773,
                    "children": {
                        "env_step": {
                            "total": 350.7218612160141,
                            "count": 31786,
                            "self": 324.5062994941263,
                            "children": {
                                "SubprocessEnvManager._take_step": {
                                    "total": 25.914549327948407,
                                    "count": 31786,
                                    "self": 0.7222775360432934,
                                    "children": {
                                        "NNPolicy.evaluate": {
                                            "total": 25.192271791905114,
                                            "count": 31667,
                                            "self": 25.192271791905114
                                        }
                                    }
                                },
                                "workers": {
                                    "total": 0.3010123939393452,
                                    "count": 31785,
                                    "self": 0.0,
                                    "children": {
                                        "worker_root": {
                                            "total": 360.8191636449774,
                                            "count": 31785,
                                            "is_parallel": true,
                                            "self": 61.4674173528756,
                                            "children": {
                                                "run_training.setup": {
                                                    "total": 0.0,
                                                    "count": 0,
                                                    "is_parallel": true,
                                                    "self": 0.0,
                                                    "children": {
                                                        "steps_from_proto": {
                                                            "total": 0.0016002239999579615,
                                                            "count": 1,
                                                            "is_parallel": true,
                                                            "self": 0.0002499759993952466,
                                                            "children": {
                                                                "_process_vector_observation": {
                                                                    "total": 0.0013502480005627149,
                                                                    "count": 4,
                                                                    "is_parallel": true,
                                                                    "self": 0.0013502480005627149
                                                                }
                                                            }
                                                        },
                                                        "UnityEnvironment.step": {
                                                            "total": 0.014310189999378053,
                                                            "count": 1,
                                                            "is_parallel": true,
                                                            "self": 0.0002258809990962618,
                                                            "children": {
                                                                "UnityEnvironment._generate_step_input": {
                                                                    "total": 8.605099992564647e-05,
                                                                    "count": 1,
                                                                    "is_parallel": true,
                                                                    "self": 8.605099992564647e-05
                                                                },
                                                                "communicator.exchange": {
                                                                    "total": 0.012645665000491135,
                                                                    "count": 1,
                                                                    "is_parallel": true,
                                                                    "self": 0.012645665000491135
                                                                },
                                                                "steps_from_proto": {
                                                                    "total": 0.00135259299986501,
                                                                    "count": 1,
                                                                    "is_parallel": true,
                                                                    "self": 0.00013658499938173918,