{
    "name": "root",
    "metadata": {
        "timer_format_version": "0.1.0",
        "start_time_seconds": "1589267388",
        "python_version": "3.7.4 (default, Aug  9 2019, 18:34:13) [MSC v.1915 64 bit (AMD64)]",
        "command_line_arguments": "C:\\Users\\Yen Zhe\\Anaconda3\\Scripts\\mlagents-learn config/trainer_config.yaml --run-id=Run1",
        "mlagents_version": "0.16.0",
        "mlagents_envs_version": "0.16.0",
        "communication_protocol_version": "1.0.0",
        "tensorflow_version": "2.0.1",
        "end_time_seconds": "1589267687"
    },
    "total": 299.5055652,
    "count": 1,
    "self": 0.003959799999961433,
    "children": {
        "run_training.setup": {
            "total": 0.04242979999999985,
            "count": 1,
            "self": 0.04242979999999985
        },
        "TrainerController.start_learning": {
            "total": 299.45917560000004,
            "count": 1,
            "self": 8.223281299999712,
            "children": {
                "TrainerController._reset_env": {
                    "total": 17.5296008,
                    "count": 1,
                    "self": 17.5296008
                },
                "TrainerController.advance": {
                    "total": 265.9490832000003,
                    "count": 6893,
                    "self": 0.18441250000029186,
                    "children": {
                        "env_step": {
                            "total": 265.7646707,
                            "count": 6893,
                            "self": 255.84443429999902,
                            "children": {
                                "SubprocessEnvManager._take_step": {
                                    "total": 9.723079900000258,
                                    "count": 6893,
                                    "self": 0.43466150000075743,
                                    "children": {
                                        "NNPolicy.evaluate": {
                                            "total": 9.2884183999995,
                                            "count": 6884,
                                            "self": 9.2884183999995
                                        }
                                    }
                                },
                                "workers": {
                                    "total": 0.19715650000074092,
                                    "count": 6892,
                                    "self": 0.0,
                                    "children": {
                                        "worker_root": {
                                            "total": 221.8138284999994,
                                            "count": 6892,
                                            "is_parallel": true,
                                            "self": 31.469884799998994,
                                            "children": {
                                                "steps_from_proto": {
                                                    "total": 0.002847299999999109,
                                                    "count": 1,
                                                    "is_parallel": true,
                                                    "self": 0.00016559999999898878,
                                                    "children": {
                                                        "_process_vector_observation": {
                                                            "total": 0.00268170000000012,
                                                            "count": 4,
                                                            "is_parallel": true,
                                                            "self": 0.00268170000000012
                                                        }
                                                    }
                                                },
                                                "UnityEnvironment.step": {
                                                    "total": 190.34109640000042,
                                                    "count": 6892,
                                                    "is_parallel": true,
                                                    "self": 1.0998108000015634,
                                                    "children": {
                                                        "UnityEnvironment._generate_step_input": {
                                                            "total": 2.0137029000001476,
                                                            "count": 6892,
                                                            "is_parallel": true,
                                                            "self": 2.0137029000001476
                                                        },
                                                        "communicator.exchange": {
                                                            "total": 183.60430959999886,
                                                            "count": 6892,
                                                            "is_parallel": true,
                                                            "self": 183.60430959999886
                                                        },
                                                        "steps_from_proto": {
                                                            "total": 3.6232730999998743,
                                                            "count": 6890,
                                                            "is_parallel": true,
                                                            "self": 1.2864230000008163,
                                                            "children": {
                                                                "_process_vector_observation": {
                                                                    "total": 2.336850099999058,
                                                                    "count": 27560,
                                                                    "is_parallel": true,
                                                                    "self": 2.336850099999058
                                                                }
                                                            }
                                                        }
                                                    }
                                                }
                                            }
                                        }
                                    }
                                }
                            }
                        }
                    }
                },
                "trainer_threads": {
                    "total": 0.0006665999999881933,
                    "count": 1,
                    "self": 0.0006665999999881933,
                    "children": {
                        "thread_root": {
                            "total": 0.0,
                            "count": 0,
                            "is_parallel": true,
                            "self": 0.0,
                            "children": {
                                "trainer_advance": {
                                    "total": 265.1830862000001,
                                    "count": 123057,
                                    "is_parallel": true,
                                    "self": 9.048590400006617,
                                    "children": {
                                        "process_trajectory": {
                                            "total": 256.1344957999935,
                                            "count": 123057,
                                            "is_parallel": true,